ID,Race,Age,Sex,ACT,ACT_ENG,ACT_MATH,ACT_READ,ACT_SCI,HS_GPA,Stype,Hours
1,Bi-Racial,24,Female,23,24,25,23,23,3.38,T,13
2,White,25,Male,NA,NA,NA,NA,NA,3.67,C,15
3,White,20,Female,20,19,17,22,19,3.1,C,18
4,Bi-Racial,32,Male,21,22,21,22,21,2.94,C,8
5,White,32,Female,29,28,30,30,30,3.03,T,13
6,White,25,Male,30,31,29,29,31,3.76,C,15
7,White,23,Male,NA,NA,NA,NA,NA,3.77,N,15
8,Hispanic,26,Female,23,25,22,21,23,3.77,N,3
9,Hispanic,19,Male,26,25,27,26,27,3.73,N,15
10,White,25,Female,21,21,22,20,21,2.8,R,13
11,White,29,Male,29,30,28,31,27,3.07,C,9
12,White,18,Male,NA,NA,NA,NA,NA,2.87,T,12
13,White,34,Male,23,23,22,25,21,3.21,N,15
14,Native,30,Female,NA,NA,NA,NA,NA,3.44,N,16
15,Black,19,Male,NA,NA,NA,NA,NA,2.79,N,18
16,White,28,Female,18,17,20,20,16,NA,C,16
17,Black,28,Male,NA,NA,NA,NA,NA,NA,C,7
18,Black,24,Male,23,24,22,23,22,NA,C,3
19,Hispanic,35,Female,19,19,22,19,19,NA,M,16
20,Black,19,Male,NA,NA,NA,NA,NA,3.11,T,14
21,White,23,Male,19,20,19,19,18,NA,C,15
22,Hispanic,31,Female,NA,NA,NA,NA,NA,NA,C,12
23,White,28,Female,26,27,25,26,25,NA,C,15
24,Black,30,Male,22,19,22,23,20,NA,C,9
25,White,34,Male,20,19,18,21,20,NA,C,17
26,White,25,Female,NA,NA,NA,NA,NA,NA,C,15
27,White,27,Male,18,17,17,17,19,3.19,T,15
28,White,29,Female,17,18,15,17,16,3.13,C,15
29,White,25,Male,18,16,17,19,18,NA,R,2
30,White,32,Male,NA,NA,NA,NA,NA,2.9,C,16
31,White,33,Female,23,22,25,24,22,3.63,C,7
32,White,18,Male,25,24,26,26,25,2.86,N,16
33,White,23,Female,NA,NA,NA,NA,NA,3.97,M,14
34,White,32,Female,20,22,20,21,22,NA,C,15
35,White,24,Male,26,28,24,24,26,NA,C,16
36,White,28,Male,NA,NA,NA,NA,NA,3.28,T,2
37,White,24,Male,NA,NA,NA,NA,NA,NA,T,16
38,White,20,Male,NA,NA,NA,NA,NA,NA,C,12
39,Hispanic,24,Female,NA,NA,NA,NA,NA,3.02,C,14
40,Hispanic,23,Female,21,20,21,23,20,3.61,N,15
41,White,31,Male,25,26,25,23,29,NA,T,13
42,Black,25,Female,NA,NA,NA,NA,NA,2.47,R,14
43,White,34,Female,22,23,23,19,21,3.34,M,12
44,White,21,Female,25,24,23,23,27,NA,C,12
45,White,18,Male,19,19,19,19,19,2.75,C,15
46,Hispanic,35,Male,23,24,23,19,24,3.73,C,16
47,White,20,Male,19,19,21,19,19,NA,C,15
48,White,27,Male,22,23,23,21,24,3.08,M,3
49,White,20,Male,NA,NA,NA,NA,NA,NA,R,12
50,White,18,Male,23,24,23,23,21,NA,M,12
51,Hispanic,34,Female,22,21,23,21,24,3.16,C,14
52,Asian,33,Male,NA,NA,NA,NA,NA,NA,T,15
53,White,22,Female,NA,NA,NA,NA,NA,NA,C,17
54,White,29,Female,NA,NA,NA,NA,NA,3.4,N,15
55,White,20,Male,17,17,18,17,15,NA,T,16
56,White,18,Female,15,16,18,14,15,NA,C,14
57,White,20,Male,NA,NA,NA,NA,NA,3.41,N,3
58,Hispanic,35,Female,19,19,19,20,20,NA,C,15
59,White,34,Female,20,22,20,19,20,2.32,C,12
60,Black,33,Female,22,22,20,23,21,2.7,C,15
61,White,19,Female,21,20,22,20,20,2.76,N,9
62,White,33,Male,28,28,28,27,29,2.86,C,13
63,Black,30,Male,NA,NA,NA,NA,NA,NA,N,12
64,White,29,Male,32,34,31,31,32,NA,C,2
65,White,30,Female,NA,NA,NA,NA,NA,NA,C,3
66,White,24,Male,32,32,34,32,31,NA,T,12
67,Black,33,Female,20,22,17,23,21,3.39,C,16
68,White,29,Female,26,25,26,24,25,3.2,N,13
69,Hispanic,22,Male,14,13,13,12,14,NA,T,18
70,Hispanic,30,Male,23,24,22,21,22,NA,C,12
71,White,32,Male,NA,NA,NA,NA,NA,2.7,C,12
72,White,20,Female,NA,NA,NA,NA,NA,3.73,C,14
73,White,33,Male,23,22,21,23,22,NA,C,13
74,White,26,Male,NA,NA,NA,NA,NA,NA,C,6
75,Black,29,Male,NA,NA,NA,NA,NA,3.93,N,14
76,Hispanic,18,Female,20,22,22,21,19,2.28,N,7
77,Hispanic,29,Male,NA,NA,NA,NA,NA,2.94,C,15
78,White,29,Female,17,19,17,17,13,3.06,C,15
79,White,33,Male,21,21,20,23,23,NA,C,2
80,White,18,Female,21,20,20,19,22,NA,C,16
81,Hispanic,28,Male,NA,NA,NA,NA,NA,3.02,N,17
82,White,25,Male,23,21,21,20,20,3.78,C,16
83,Hispanic,31,Female,17,19,16,18,19,NA,C,12
84,White,34,Male,NA,NA,NA,NA,NA,NA,R,15
85,White,32,Female,20,20,20,18,20,3.5,T,13
86,White,32,Male,20,21,20,19,20,NA,C,15
87,Hispanic,27,Female,21,20,20,21,22,3.08,T,15
88,White,24,Male,NA,NA,NA,NA,NA,NA,N,10
89,Hawaiian,26,Male,NA,NA,NA,NA,NA,3.33,C,12
90,White,20,Male,22,23,24,22,21,3.44,N,19
91,Hispanic,33,Male,20,20,22,17,21,NA,C,12
92,White,18,Female,20,18,15,21,20,3.01,M,12
93,White,23,Male,22,22,23,24,23,3.7,C,14
94,Hispanic,29,Female,NA,NA,NA,NA,NA,2.83,C,17.5
95,White,20,Female,17,16,16,16,18,2.97,C,15
96,White,26,Female,20,19,22,21,22,NA,C,15
97,White,21,Male,NA,NA,NA,NA,NA,NA,N,12
98,White,18,Female,23,23,23,23,22,NA,M,14
99,White,25,Female,22,24,21,22,21,3.17,T,12
100,White,25,Male,NA,NA,NA,NA,NA,3.63,C,14
101,White,26,Male,20,22,21,19,20,NA,N,9
102,White,28,Male,NA,NA,NA,NA,NA,3.69,T,16
103,White,32,Male,28,28,28,28,29,2.99,T,6
104,White,32,Female,NA,NA,NA,NA,NA,NA,C,12
105,White,20,Female,23,20,22,25,24,NA,C,14
106,White,25,Male,20,18,22,21,21,2.89,N,16
107,White,26,Male,NA,NA,NA,NA,NA,NA,C,12
108,White,25,Female,NA,NA,NA,NA,NA,NA,C,14
109,White,32,Male,27,28,29,29,29,NA,M,17
110,Native,29,Female,18,19,16,19,18,3.01,T,3
111,White,34,Female,20,19,18,19,22,NA,T,13.5
112,White,27,Female,22,23,21,22,20,3.12,N,16
113,Asian,35,Male,28,29,30,29,28,NA,T,13
114,White,34,Male,16,17,17,13,19,1.73,C,12
115,White,30,Male,22,23,23,21,22,NA,C,15
116,White,22,Male,19,19,20,20,19,3.46,T,13
117,White,31,Male,NA,NA,NA,NA,NA,NA,T,14
118,Black,32,Male,20,22,17,19,19,NA,M,2
119,White,33,Male,NA,NA,NA,NA,NA,NA,T,18
120,White,30,Male,31,33,32,30,32,NA,C,15
121,White,18,Female,27,25,29,26,27,NA,C,12
122,White,30,Female,20,20,21,19,18,NA,N,10
123,White,20,Female,18,15,19,19,17,NA,N,16
124,White,35,Male,20,21,19,19,22,3.88,C,12
125,White,23,Female,28,29,30,28,27,NA,C,5
126,White,35,Female,19,21,21,18,18,3.12,M,15
127,White,32,Male,23,24,24,21,21,3.28,T,3
128,White,28,Male,24,25,24,25,24,NA,N,2
129,Hispanic,29,Female,17,19,18,17,16,NA,C,14
130,White,31,Female,25,21,26,28,25,3.49,C,17
131,White,25,Male,NA,NA,NA,NA,NA,3.1,C,16.5
132,Hispanic,21,Female,NA,NA,NA,NA,NA,NA,T,16
133,Hispanic,24,Female,26,25,28,25,28,NA,C,15
134,White,30,Male,20,19,21,20,22,3.26,T,15
135,White,32,Male,20,20,22,19,18,NA,C,15
136,White,27,Male,17,17,17,17,17,3.66,N,12
137,White,34,Male,18,19,18,16,21,3.31,C,13
138,White,23,Female,15,17,14,13,15,3.47,C,10
139,White,22,Female,24,24,23,25,23,NA,C,14
140,White,30,Male,18,18,19,20,18,NA,T,6
141,Black,33,Female,26,27,28,27,26,NA,M,17
142,Hispanic,25,Male,23,22,22,23,24,3.57,N,16
143,White,29,Female,29,30,29,29,31,2.82,C,16
144,Hispanic,35,Male,20,19,20,20,23,NA,N,18
145,White,21,Female,22,22,22,21,23,NA,C,16
146,White,30,Male,21,19,23,24,22,NA,C,15
147,Black,33,Male,16,17,16,16,16,NA,C,14
148,White,19,Female,NA,NA,NA,NA,NA,NA,C,15
149,Black,24,Male,26,27,27,29,28,NA,C,16
150,Black,35,Female,19,19,18,19,19,NA,N,13
151,White,19,Female,NA,NA,NA,NA,NA,2.49,N,1
152,White,26,Male,NA,NA,NA,NA,NA,NA,C,15
153,White,18,Male,26,29,27,26,28,NA,N,16
154,Asian,19,Male,NA,NA,NA,NA,NA,NA,C,8
155,White,23,Female,NA,NA,NA,NA,NA,NA,C,3
156,White,25,Male,20,22,21,20,19,3.82,M,16
157,White,19,Male,24,24,23,23,23,NA,N,2
158,White,27,Female,22,22,22,22,23,3.2,C,15
159,Hispanic,32,Male,26,28,24,26,27,2.81,N,6
160,Hispanic,30,Male,25,25,25,26,25,NA,C,15
161,White,30,Male,NA,NA,NA,NA,NA,NA,N,16
162,White,32,Female,NA,NA,NA,NA,NA,2.98,C,15
163,Hispanic,24,Female,23,22,20,24,23,NA,C,16
164,Asian,28,Male,25,24,27,27,26,NA,C,12
165,White,24,Male,24,24,23,23,25,2.92,T,15
166,White,29,Male,23,24,23,24,23,NA,T,13
167,White,19,Male,23,23,21,25,22,NA,C,16
168,Hispanic,18,Male,17,18,16,19,16,2.7,C,5
169,White,24,Male,21,20,20,18,25,2.89,C,14
170,Asian,21,Male,19,21,21,20,19,3.83,T,6
171,Hawaiian,22,Male,21,22,19,22,20,1.63,C,14
172,White,32,Male,21,22,20,21,20,3.1,C,15
173,White,28,Female,NA,NA,NA,NA,NA,2.34,C,13
174,Hispanic,32,Male,28,26,28,28,27,3.83,N,14
175,White,34,Female,28,28,28,28,27,3.38,M,9
176,White,21,Male,NA,NA,NA,NA,NA,NA,T,13
177,White,22,Female,23,23,27,24,24,3.4,C,16
178,White,28,Male,NA,NA,NA,NA,NA,3.63,N,12
179,White,18,Female,22,23,24,20,21,NA,C,9
180,White,33,Male,18,18,19,18,18,NA,N,15
181,Asian,29,Male,23,23,24,22,22,3.99,C,19
182,White,23,Male,18,16,19,16,20,2.7,C,12
183,White,24,Male,17,20,18,18,18,NA,M,12
184,Hispanic,32,Female,17,17,18,18,18,NA,T,10
185,White,22,Female,25,26,25,24,23,NA,C,6
186,Hispanic,25,Male,NA,NA,NA,NA,NA,2.9,N,15
187,White,33,Male,23,24,23,22,22,NA,C,7
188,Asian,29,Female,19,21,18,19,17,2.41,C,14
189,Hispanic,27,Female,27,26,29,27,27,NA,T,14
190,White,23,Female,NA,NA,NA,NA,NA,3.98,M,14
191,Black,25,Male,24,23,24,24,25,NA,N,12
192,Asian,21,Female,NA,NA,NA,NA,NA,NA,C,18
193,White,19,Female,24,29,25,23,19,3.27,C,15
194,Hispanic,35,Male,23,22,25,24,25,3.77,C,18
195,White,35,Female,NA,NA,NA,NA,NA,2.93,C,6
196,White,19,Female,19,17,18,22,21,3.55,T,16
197,White,26,Female,23,24,23,22,21,3.8,C,11
198,White,19,Male,NA,NA,NA,NA,NA,2.82,C,16
199,Black,26,Female,27,27,27,27,26,3.15,N,10
200,White,34,Female,17,16,14,16,17,NA,C,12
201,White,27,Male,NA,NA,NA,NA,NA,2.85,N,15
202,White,35,Female,NA,NA,NA,NA,NA,2.73,N,14
203,Hispanic,29,Male,22,23,21,22,25,3.57,C,12
204,White,21,Male,NA,NA,NA,NA,NA,3.62,C,15
205,White,20,Male,NA,NA,NA,NA,NA,NA,C,9
206,White,23,Female,21,20,21,25,22,NA,C,15
207,White,26,Male,NA,NA,NA,NA,NA,NA,N,12
208,White,29,Male,NA,NA,NA,NA,NA,NA,M,14
209,Black,33,Male,NA,NA,NA,NA,NA,3.67,C,6
210,White,27,Male,NA,NA,NA,NA,NA,NA,N,16
211,White,21,Female,22,23,24,21,21,2.8,T,18
212,White,25,Male,28,28,28,29,28,NA,C,3
213,White,35,Female,NA,NA,NA,NA,NA,NA,T,16
214,White,31,Male,30,30,31,32,28,NA,N,12
215,White,19,Female,18,18,18,19,17,NA,C,12
216,White,30,Female,24,27,25,24,23,3.9,N,12
217,White,35,Female,23,23,23,23,23,2.68,C,16
218,Hispanic,21,Female,22,24,22,21,20,NA,N,15
219,Black,34,Male,22,25,22,22,22,3.78,C,18
220,Hispanic,34,Female,18,17,18,19,18,NA,T,12
221,Asian,24,Male,24,24,23,23,24,NA,T,1
222,Black,28,Male,33,33,33,32,33,NA,C,16
223,White,30,Male,25,25,24,28,26,NA,C,14
224,White,30,Male,21,21,21,24,19,3.1,C,2
225,White,29,Male,23,24,22,23,25,NA,C,15
226,White,35,Male,20,22,20,21,19,NA,C,12
227,Hispanic,22,Male,25,25,25,23,24,2.4,C,16
228,Native,24,Male,NA,NA,NA,NA,NA,3.12,C,15
229,White,24,Female,25,25,24,25,26,3.25,C,3
230,White,25,Male,NA,NA,NA,NA,NA,2.76,C,14
231,Bi-Racial,32,Male,17,18,16,18,16,3.3,C,2
232,White,28,Female,25,24,23,22,24,3.18,C,15
233,Black,30,Male,22,20,21,21,22,2.79,N,14
234,White,35,Female,20,19,20,19,18,3.77,R,15
235,Black,28,Male,NA,NA,NA,NA,NA,NA,C,14
236,White,26,Female,26,27,24,25,26,3.68,M,17
237,Asian,22,Male,18,20,18,18,15,NA,C,14
238,White,35,Male,NA,NA,NA,NA,NA,3.43,C,15
239,White,18,Female,22,22,22,23,25,2.41,C,14
240,White,27,Male,22,24,22,25,19,3.42,T,15
241,White,30,Male,22,22,23,22,23,NA,N,15
242,White,18,Female,NA,NA,NA,NA,NA,2.66,C,12
243,White,19,Female,28,27,27,28,29,3.34,N,7
244,White,35,Male,19,19,17,21,21,3.88,C,15
245,White,34,Male,27,29,28,29,28,NA,N,17
246,White,23,Male,21,24,22,19,21,3.91,C,15
247,White,30,Female,NA,NA,NA,NA,NA,2.82,C,16
248,Hispanic,27,Male,NA,NA,NA,NA,NA,NA,M,12
249,Hispanic,28,Male,18,18,17,19,19,3.01,R,15
250,White,35,Female,18,19,16,17,16,3.33,T,12
251,White,35,Female,31,34,31,29,30,2.95,C,15
252,White,27,Male,27,27,28,22,27,2.91,C,13
253,White,33,Male,22,22,22,25,22,2.5,C,13
254,Hispanic,23,Female,24,22,23,26,25,NA,C,10
255,White,29,Male,22,23,22,23,22,3.49,N,15
256,Black,27,Female,NA,NA,NA,NA,NA,NA,C,15
257,White,34,Male,NA,NA,NA,NA,NA,3.56,M,13
258,White,22,Male,NA,NA,NA,NA,NA,2.71,C,7
259,White,23,Male,18,17,15,16,18,NA,T,15
260,Bi-Racial,21,Male,20,22,20,18,22,3.26,C,9
261,White,25,Female,30,32,31,30,30,NA,R,13
262,White,19,Male,19,17,17,18,20,NA,T,4
263,White,19,Male,NA,NA,NA,NA,NA,3.73,T,18.5
264,White,31,Male,24,24,22,25,24,NA,C,12
265,White,32,Male,20,19,19,18,20,3.62,M,15
266,White,32,Male,NA,NA,NA,NA,NA,2.81,C,12
267,White,24,Female,NA,NA,NA,NA,NA,2.8,M,15
268,White,33,Male,NA,NA,NA,NA,NA,NA,C,15
269,White,29,Female,NA,NA,NA,NA,NA,3.93,C,14
270,White,30,Male,NA,NA,NA,NA,NA,NA,C,7
271,Hispanic,24,Male,NA,NA,NA,NA,NA,3.54,T,15
272,White,25,Male,24,22,24,25,23,NA,C,3
273,Hispanic,22,Male,23,22,23,21,23,2.94,T,9
274,White,27,Female,29,28,28,26,29,NA,N,8
275,White,35,Male,NA,NA,NA,NA,NA,NA,C,9
276,White,24,Male,14,14,12,15,16,NA,C,15
277,Black,20,Female,18,17,19,18,15,3.81,C,16
278,White,28,Female,18,16,19,21,19,NA,C,14
279,White,19,Female,31,31,32,32,32,NA,C,9
280,Hispanic,18,Female,NA,NA,NA,NA,NA,2.61,C,15
281,White,23,Female,24,24,27,23,23,NA,C,2
282,White,25,Male,17,19,19,17,17,NA,N,18
283,White,26,Female,25,28,23,27,26,NA,N,7
284,Black,22,Male,NA,NA,NA,NA,NA,3.61,C,16
285,Hispanic,19,Male,24,24,22,22,22,2.6,C,13
286,Black,30,Female,27,28,26,28,26,2.8,C,6
287,White,35,Male,28,29,28,29,26,NA,N,14
288,White,26,Male,21,21,21,24,19,2.87,C,12
289,White,29,Male,23,23,23,25,22,NA,N,12
290,White,20,Female,NA,NA,NA,NA,NA,3.11,T,15
291,White,22,Male,21,23,24,22,22,NA,C,15
292,White,30,Female,NA,NA,NA,NA,NA,NA,C,14
293,White,31,Female,17,18,15,13,18,2.54,C,13
294,Hispanic,26,Female,23,23,22,22,25,NA,R,14
295,White,26,Male,17,17,15,16,16,NA,C,4
296,White,27,Female,20,20,21,19,20,NA,C,15
297,White,30,Female,NA,NA,NA,NA,NA,3.94,C,15
298,Black,21,Female,18,18,21,18,17,3.06,C,15
299,Hispanic,18,Female,26,25,29,25,26,NA,N,18
300,Hispanic,24,Male,19,18,19,20,20,NA,T,3
301,White,31,Male,26,26,26,25,25,3.36,C,18
302,Asian,35,Male,19,20,21,20,19,2.81,C,12
303,White,35,Male,21,23,18,22,18,2.41,R,15
304,Hispanic,28,Male,16,15,16,15,14,3.82,C,15
305,White,21,Female,31,32,31,31,32,3.48,C,15
306,Asian,23,Female,NA,NA,NA,NA,NA,NA,C,12
307,Hispanic,21,Male,NA,NA,NA,NA,NA,3.21,C,9
308,Black,19,Female,24,25,22,21,24,NA,C,12
309,White,35,Male,33,32,34,33,32,NA,C,14
310,White,32,Female,21,21,22,21,20,3.49,C,14
311,White,24,Female,19,17,17,19,18,NA,T,4
312,Black,23,Female,18,17,17,19,18,NA,N,18
313,White,34,Female,29,28,27,28,28,NA,C,13
314,Hispanic,34,Female,NA,NA,NA,NA,NA,NA,T,16
315,Black,32,Female,20,21,19,21,21,3.36,C,13
316,White,29,Female,18,21,19,17,19,3.06,N,3
317,White,27,Male,22,21,22,22,23,NA,T,14
318,White,25,Female,18,20,16,19,15,3.39,N,12
319,White,20,Female,32,32,31,31,32,3.53,C,16
320,White,32,Female,27,27,26,27,24,3.61,C,12
321,Hispanic,23,Female,NA,NA,NA,NA,NA,3.03,N,3
322,White,35,Female,19,16,19,18,20,2.66,C,16
323,Bi-Racial,26,Male,24,24,23,24,24,NA,M,15
324,White,28,Female,19,17,20,17,18,3.19,C,12
325,White,29,Female,25,27,23,25,25,3.72,N,15
326,White,29,Female,23,23,24,23,26,NA,M,3
327,White,33,Female,NA,NA,NA,NA,NA,NA,C,12
328,White,20,Male,19,17,20,20,20,NA,C,15
329,White,29,Female,22,20,22,21,21,3.94,T,16
330,White,24,Female,NA,NA,NA,NA,NA,NA,T,15
331,White,31,Female,24,24,23,24,24,3.32,C,14
332,White,23,Female,25,24,24,21,29,3.63,C,13
333,Hispanic,18,Male,20,19,20,20,21,2.85,C,15
334,White,34,Male,25,24,25,27,26,3.9,C,5
335,Hispanic,22,Male,16,18,16,18,15,NA,C,1
336,Hispanic,25,Female,NA,NA,NA,NA,NA,3.38,N,19
337,Black,34,Female,26,27,26,27,27,NA,C,3
338,Bi-Racial,25,Male,23,22,22,21,24,NA,C,15
339,Hispanic,35,Female,28,26,27,30,29,NA,C,3
340,Hispanic,19,Male,21,22,19,20,20,3.29,C,14
341,White,23,Male,NA,NA,NA,NA,NA,2.68,T,14
342,White,23,Female,23,24,23,24,22,NA,R,14
343,White,28,Female,21,22,19,19,22,NA,C,12
344,Hispanic,23,Male,27,28,26,25,28,NA,M,15
345,White,24,Male,19,18,19,18,19,NA,N,3
346,White,25,Male,26,26,25,28,25,2.78,C,14
347,White,31,Female,NA,NA,NA,NA,NA,3.2,C,15
348,White,32,Female,15,14,15,16,14,3.19,M,11
349,White,29,Male,23,24,25,22,22,2.64,R,12
350,White,21,Female,15,12,16,17,14,2.98,C,17
351,Asian,19,Male,NA,NA,NA,NA,NA,3.76,C,13
352,Hispanic,22,Male,25,25,24,22,25,3.34,C,13
353,White,35,Female,26,28,26,26,24,NA,C,16
354,White,29,Male,NA,NA,NA,NA,NA,3.83,C,12
355,White,18,Female,NA,NA,NA,NA,NA,3.13,N,12
356,Hispanic,33,Male,NA,NA,NA,NA,NA,3.52,T,15
357,Hispanic,26,Male,NA,NA,NA,NA,NA,NA,N,16
358,White,20,Female,24,25,23,26,26,3.86,C,16
359,White,30,Male,NA,NA,NA,NA,NA,NA,T,3
360,Hispanic,32,Female,25,25,28,25,24,3.56,M,17
361,White,25,Male,NA,NA,NA,NA,NA,3.19,M,15
362,White,25,Female,20,19,22,22,19,NA,M,19
363,Hispanic,33,Male,NA,NA,NA,NA,NA,3.49,C,14
364,White,33,Male,22,22,22,22,21,NA,C,13
365,White,33,Female,28,26,27,28,25,3.32,T,16
366,White,31,Female,20,19,22,21,20,2.53,C,16
367,White,20,Male,NA,NA,NA,NA,NA,NA,C,15
368,Hispanic,29,Male,NA,NA,NA,NA,NA,NA,N,9
369,White,22,Female,NA,NA,NA,NA,NA,NA,C,9
370,White,33,Female,21,19,20,23,21,NA,C,16
371,Asian,34,Male,24,24,25,26,22,3.4,N,14
372,Hispanic,35,Male,22,22,22,22,20,3.27,C,15
373,Black,25,Female,NA,NA,NA,NA,NA,2.76,C,13
374,White,28,Female,21,24,21,22,21,2.35,C,15
375,Black,20,Female,23,26,24,25,23,3.4,C,15
376,White,24,Female,21,19,23,22,21,2.93,C,15
377,White,22,Male,27,27,27,26,25,NA,M,6
378,White,31,Female,NA,NA,NA,NA,NA,2.93,C,14
379,White,24,Female,12,13,14,12,11,NA,M,14
380,Hispanic,24,Male,NA,NA,NA,NA,NA,NA,M,2
381,Black,29,Female,NA,NA,NA,NA,NA,NA,C,12
382,White,33,Female,23,23,24,23,22,3.77,M,6
383,White,24,Male,NA,NA,NA,NA,NA,3.76,C,12
384,White,20,Female,22,23,23,23,24,NA,C,14
385,Bi-Racial,33,Female,NA,NA,NA,NA,NA,NA,C,3
386,White,18,Female,19,20,21,20,20,3.31,C,6
387,White,27,Male,NA,NA,NA,NA,NA,3.47,C,15
388,White,29,Female,20,22,19,21,20,NA,C,13
389,Black,19,Male,27,28,29,26,29,NA,N,3
390,White,32,Male,19,17,19,21,18,NA,T,3
391,Bi-Racial,22,Female,NA,NA,NA,NA,NA,3.95,C,12
392,Native,30,Male,NA,NA,NA,NA,NA,NA,C,18
393,White,18,Female,26,25,29,26,26,3.59,N,19
394,White,18,Female,19,20,19,18,19,NA,T,12
395,White,34,Male,21,22,19,19,20,2.64,N,5
396,White,31,Male,24,23,26,22,25,NA,C,9
397,Black,21,Male,20,21,20,18,21,NA,C,13
398,White,22,Male,21,19,22,20,20,3.76,T,14
399,White,18,Female,NA,NA,NA,NA,NA,NA,T,15
400,White,19,Male,21,23,19,19,22,NA,C,16
401,Black,29,Male,31,32,30,30,31,3.36,C,15
402,White,31,Female,20,22,21,21,21,NA,N,13
403,White,24,Male,NA,NA,NA,NA,NA,3.48,C,12
404,Hispanic,24,Female,24,23,26,25,23,NA,N,16
405,Black,30,Male,NA,NA,NA,NA,NA,NA,C,15
406,White,26,Male,26,27,25,27,28,3.2,C,9
407,Black,21,Female,20,20,19,19,20,NA,C,15
408,Hispanic,23,Male,18,17,18,18,18,3.13,T,7
409,Black,19,Male,NA,NA,NA,NA,NA,3.02,T,12
410,White,19,Male,24,24,25,22,25,NA,C,14
411,White,21,Female,19,19,21,20,20,3.25,T,17
412,Black,28,Male,NA,NA,NA,NA,NA,3.56,C,2
413,White,19,Female,NA,NA,NA,NA,NA,NA,C,15
414,White,25,Female,26,26,25,26,28,3.3,C,8
415,White,31,Female,25,26,23,25,26,NA,N,16
416,White,19,Female,23,23,23,23,22,NA,C,18
417,White,28,Female,23,25,23,22,22,NA,C,15
418,White,20,Female,NA,NA,NA,NA,NA,3.13,C,15
419,White,35,Female,26,27,27,28,28,NA,C,15
420,Hispanic,21,Male,21,18,20,19,21,NA,C,12
421,White,26,Female,15,16,17,16,16,3.1,C,15
422,White,19,Male,NA,NA,NA,NA,NA,3.38,C,16
423,White,35,Male,20,22,21,23,20,NA,M,15
424,Black,22,Male,20,20,19,18,19,NA,C,15
425,Hispanic,26,Female,NA,NA,NA,NA,NA,3.72,T,15
426,White,23,Male,19,19,19,19,19,3.17,C,3
427,White,34,Male,19,19,19,19,19,3.96,C,18
428,White,29,Female,25,24,25,25,25,3.27,C,15
429,Hispanic,35,Male,NA,NA,NA,NA,NA,3.78,C,17
430,Black,23,Female,19,17,20,19,19,NA,C,4
431,White,27,Male,24,25,22,24,27,NA,T,13
432,White,22,Male,20,21,19,21,21,NA,C,14
433,Black,30,Male,19,20,20,18,19,NA,C,16
434,Asian,32,Male,17,19,16,18,16,NA,C,16
435,White,33,Female,23,24,22,24,24,NA,C,13
436,White,27,Female,22,22,20,21,20,3.72,N,5
437,White,35,Female,19,21,19,19,21,NA,T,6
438,White,21,Female,NA,NA,NA,NA,NA,2.87,T,15
439,White,19,Female,21,19,22,19,20,3.94,T,16
440,White,25,Male,19,19,18,17,20,NA,C,7
441,White,33,Male,18,18,17,20,19,3.31,M,12
442,White,22,Female,28,29,27,28,28,3.53,C,13
443,Asian,24,Male,NA,NA,NA,NA,NA,NA,C,15.5
444,Black,31,Female,20,19,18,20,23,2.79,C,16
445,White,25,Male,16,16,15,17,18,2.95,T,13
446,Black,34,Male,NA,NA,NA,NA,NA,NA,C,13
447,Hispanic,28,Female,20,18,18,19,20,NA,N,14
448,White,28,Male,19,17,19,18,20,2.62,C,16
449,White,31,Male,NA,NA,NA,NA,NA,2.31,C,12
450,Hispanic,18,Male,19,18,19,21,22,3.18,C,16
451,White,32,Female,17,17,16,16,18,NA,N,13
452,Bi-Racial,30,Male,17,15,17,18,17,3.37,T,15
453,White,22,Male,NA,NA,NA,NA,NA,NA,C,6
454,White,18,Female,21,18,20,20,20,3.05,M,15
455,Hispanic,26,Female,20,20,20,21,20,NA,N,12
456,White,28,Female,15,15,12,16,15,NA,T,13
457,Hispanic,35,Female,18,16,18,18,19,3.2,C,18
458,Asian,23,Male,NA,NA,NA,NA,NA,2.89,T,15
459,Asian,35,Female,NA,NA,NA,NA,NA,3.58,N,15
460,White,26,Male,19,18,23,17,18,2.78,C,13
461,Hawaiian,31,Male,18,18,21,20,19,3.15,C,2
462,White,25,Male,NA,NA,NA,NA,NA,2.75,C,16
463,White,20,Male,27,31,25,29,27,NA,T,13
464,White,30,Male,NA,NA,NA,NA,NA,2.67,C,6
465,White,33,Male,19,16,19,21,20,NA,C,15
466,White,25,Male,NA,NA,NA,NA,NA,NA,T,3
467,White,18,Female,24,22,24,25,23,NA,C,15
468,White,34,Female,24,26,25,22,27,NA,C,12
469,Hispanic,23,Male,24,24,24,28,23,3.46,N,19
470,White,19,Female,16,16,14,16,15,NA,M,12
471,White,28,Male,NA,NA,NA,NA,NA,NA,C,14
472,Black,22,Male,24,23,23,23,24,NA,T,17
473,White,25,Female,17,17,16,18,15,3.63,C,15
474,White,29,Male,23,20,24,23,23,3.38,C,15
475,White,27,Male,21,22,21,19,19,2.77,T,15
476,Black,33,Male,19,20,20,20,20,NA,M,16
477,Asian,25,Female,NA,NA,NA,NA,NA,NA,C,16
478,Hispanic,28,Female,22,21,21,20,23,NA,N,16
479,White,29,Male,22,24,22,21,23,NA,N,14
480,White,29,Male,18,20,19,19,16,NA,N,12
481,Hispanic,18,Male,18,20,19,18,16,2.98,C,8
482,White,25,Female,28,28,25,30,29,NA,C,10
483,White,29,Female,NA,NA,NA,NA,NA,3.73,R,16
484,Hispanic,34,Female,NA,NA,NA,NA,NA,2.11,T,2
485,White,20,Male,28,28,27,25,28,NA,C,18.5
486,White,31,Male,27,26,28,27,28,3.83,C,12
487,Black,24,Male,NA,NA,NA,NA,NA,3.01,N,16
488,White,32,Female,19,21,20,18,20,3.58,T,15
489,Asian,31,Male,22,20,24,21,21,NA,C,16
490,White,31,Female,27,29,26,26,27,3.82,M,15
491,Native,34,Male,19,18,19,19,19,NA,C,15
492,White,24,Male,28,27,28,29,30,NA,T,12
493,White,34,Female,27,28,27,27,27,NA,C,15
494,White,35,Female,21,24,20,22,19,NA,T,15
495,White,22,Female,28,30,27,29,29,NA,N,15
496,White,24,Male,NA,NA,NA,NA,NA,2.54,T,3
497,White,33,Female,15,14,15,17,13,NA,C,18
498,White,24,Male,20,23,21,20,19,NA,T,15
499,Bi-Racial,23,Male,25,24,23,25,26,NA,N,16
500,Hispanic,34,Male,23,24,26,24,21,3.67,R,15
501,White,23,Female,NA,NA,NA,NA,NA,NA,N,18
502,Hispanic,30,Male,24,24,26,22,24,NA,T,14
503,White,29,Female,20,19,19,21,20,NA,T,14
504,White,21,Female,22,22,21,23,24,3.28,N,3
505,White,19,Male,26,28,27,27,26,NA,T,15
506,White,32,Female,17,17,17,18,16,2.98,C,15
507,White,32,Female,23,23,22,22,22,3.32,N,15
508,Native,18,Female,25,26,25,24,24,NA,C,15
509,White,22,Female,20,18,20,20,19,2.88,C,11
510,White,21,Male,18,20,17,18,19,2.46,T,18
511,Black,22,Female,23,22,24,24,22,2.73,T,15
512,Hispanic,19,Female,24,24,22,23,24,NA,T,3
513,White,25,Male,22,21,22,20,21,3.59,T,15
514,White,23,Female,25,25,26,26,26,NA,C,15
515,Hispanic,35,Female,20,17,20,19,24,3.41,M,13
516,White,31,Male,22,23,22,21,22,NA,T,12
517,Bi-Racial,18,Female,21,20,20,20,21,3.64,T,12
518,White,28,Female,NA,NA,NA,NA,NA,3.24,T,18
519,Hispanic,29,Male,27,25,25,26,29,NA,C,14
520,White,25,Female,18,18,19,18,15,3.4,C,16
521,Hispanic,26,Female,NA,NA,NA,NA,NA,2.81,T,15
522,Hispanic,27,Male,19,20,21,19,19,3.4,C,15
523,White,27,Female,21,18,20,19,22,2.93,T,12
524,White,18,Female,26,25,28,25,24,NA,C,14
525,White,30,Female,26,25,23,27,27,3.79,T,17
526,Black,29,Male,20,21,19,20,18,3.45,N,12
527,White,32,Male,23,24,23,23,24,3.49,T,14
528,White,27,Male,NA,NA,NA,NA,NA,2.8,N,14
529,White,23,Female,NA,NA,NA,NA,NA,NA,C,15
530,Hispanic,24,Male,25,25,25,24,25,NA,M,9
531,White,26,Female,NA,NA,NA,NA,NA,3.05,M,18
532,Hispanic,27,Female,21,18,22,21,22,3.34,C,5
533,White,29,Male,17,18,17,18,18,3.9,C,12
534,White,30,Female,NA,NA,NA,NA,NA,NA,N,16
535,Hispanic,35,Male,18,20,17,18,20,NA,C,15
536,White,34,Female,NA,NA,NA,NA,NA,2.99,C,6
537,Black,23,Male,NA,NA,NA,NA,NA,NA,T,9
538,White,24,Female,25,23,27,25,27,3.02,T,16
539,Asian,35,Female,17,17,17,19,18,NA,C,13
540,White,20,Male,22,20,25,24,22,NA,C,16
541,White,22,Female,NA,NA,NA,NA,NA,NA,C,14
542,White,27,Female,NA,NA,NA,NA,NA,3.2,N,12
543,White,18,Male,17,14,16,16,13,NA,C,14
544,White,29,Male,22,22,25,23,23,NA,C,15
545,Hispanic,20,Male,28,29,29,30,32,2.34,C,14
546,Black,21,Male,20,17,20,21,19,2.95,M,16
547,White,24,Female,27,28,25,28,28,NA,T,14
548,Black,29,Male,18,19,17,18,19,NA,C,15
549,White,21,Male,32,32,34,33,32,NA,C,2
550,White,29,Female,NA,NA,NA,NA,NA,2.97,T,14
551,Hispanic,27,Male,28,26,27,27,27,NA,C,16
552,Hispanic,27,Female,23,21,21,23,22,NA,T,12
553,White,31,Female,20,20,22,22,19,3.42,C,15
554,White,33,Female,16,16,17,20,16,NA,M,18
555,Black,22,Male,20,20,19,21,22,2.39,T,15
556,White,19,Male,16,18,16,18,18,NA,C,15
557,Asian,35,Male,22,22,22,24,24,NA,T,16
558,Black,26,Female,20,20,19,20,19,3.24,C,16
559,White,21,Male,19,21,18,18,16,NA,N,15
560,White,25,Female,NA,NA,NA,NA,NA,3.05,T,14
561,White,18,Female,NA,NA,NA,NA,NA,NA,R,17
562,White,22,Female,19,19,19,20,19,NA,C,14
563,Black,27,Female,22,20,21,22,19,NA,N,15
564,White,34,Female,27,29,27,27,27,2.44,R,12
565,White,26,Female,21,22,22,22,23,3.63,N,14
566,Black,25,Male,23,24,22,22,20,3.46,T,6
567,White,23,Male,23,22,20,23,23,3.77,C,6
568,Black,18,Male,NA,NA,NA,NA,NA,3.05,C,3
569,Black,21,Male,23,23,24,21,23,NA,T,13
570,Bi-Racial,22,Male,21,22,21,19,22,2.56,M,14
571,White,25,Female,15,15,11,14,16,NA,C,10
572,White,31,Female,NA,NA,NA,NA,NA,NA,C,16
573,White,20,Male,23,23,24,24,23,NA,C,10
574,Bi-Racial,25,Female,17,19,15,16,17,2.94,M,15
575,White,32,Male,20,20,19,21,23,2.83,C,9
576,White,27,Female,29,30,27,29,30,3.62,C,15
577,Hispanic,35,Female,NA,NA,NA,NA,NA,3.66,T,15
578,White,33,Male,19,19,19,19,18,3.9,C,13
579,White,29,Female,NA,NA,NA,NA,NA,NA,N,2
580,White,27,Male,20,20,20,20,19,3.05,C,13
581,White,23,Male,23,22,21,24,22,3.82,C,2
582,White,19,Female,NA,NA,NA,NA,NA,NA,N,13
583,White,21,Female,21,20,22,20,23,NA,C,12
584,White,30,Male,NA,NA,NA,NA,NA,NA,C,3
585,White,23,Female,18,21,18,18,16,NA,T,12
586,White,18,Male,NA,NA,NA,NA,NA,NA,R,15
587,Hispanic,18,Female,19,20,19,18,17,NA,C,14
588,White,23,Male,22,21,23,22,23,NA,C,13
589,White,28,Male,21,23,21,20,22,NA,C,15
590,White,28,Male,18,19,18,20,17,NA,N,15
591,White,26,Male,NA,NA,NA,NA,NA,NA,C,16
592,White,33,Male,22,23,24,23,22,3.42,C,9
593,Black,19,Male,19,22,20,20,20,NA,C,13
594,White,27,Female,20,21,21,21,21,NA,T,17
595,Hispanic,30,Male,25,25,26,25,24,3.64,C,16
596,Black,24,Male,20,21,17,23,22,NA,N,15
597,Hispanic,31,Female,20,20,22,20,20,3.33,T,15
598,White,24,Male,29,31,27,28,29,2.94,N,21
599,Hispanic,20,Male,23,26,20,24,23,NA,N,14
600,White,18,Female,NA,NA,NA,NA,NA,NA,N,15
601,White,26,Male,21,20,22,22,22,NA,C,9
602,White,24,Male,21,20,20,21,22,NA,C,14
603,White,32,Female,29,29,29,29,29,2.62,M,9
604,White,30,Male,23,25,22,26,21,3.05,T,9
605,White,33,Female,NA,NA,NA,NA,NA,NA,T,14
606,Hispanic,27,Male,NA,NA,NA,NA,NA,3.3,T,3
607,White,23,Male,22,23,24,20,19,3.06,C,4
608,White,18,Female,17,17,17,19,16,NA,C,12
609,White,25,Female,19,19,19,19,18,NA,C,10
610,White,32,Male,NA,NA,NA,NA,NA,NA,T,13
611,Black,31,Female,NA,NA,NA,NA,NA,3.34,M,12
612,White,29,Male,23,23,25,25,25,2.96,T,2
613,White,20,Female,NA,NA,NA,NA,NA,NA,C,16
614,Black,24,Male,31,29,30,32,30,3.18,C,12
615,Hispanic,26,Male,13,14,12,12,13,3.14,C,16
616,Black,21,Male,21,23,20,23,21,NA,N,13
617,White,26,Female,27,25,25,27,27,3.31,T,12
618,Hispanic,23,Female,17,16,17,18,18,NA,C,16
619,White,22,Female,22,21,21,20,22,NA,C,17
620,Black,30,Female,16,17,15,16,15,NA,T,15
621,White,21,Female,20,17,21,21,21,3.82,M,13
622,White,24,Male,18,19,18,18,18,NA,N,3
623,Bi-Racial,34,Male,22,22,18,22,24,3.09,M,9
624,Asian,20,Female,22,23,21,21,20,3.6,C,14
625,White,35,Female,30,29,31,31,34,NA,N,12
626,Hispanic,35,Male,24,24,25,27,25,NA,T,16
627,White,24,Female,NA,NA,NA,NA,NA,2.55,C,2
628,Black,35,Female,19,20,20,20,20,3.13,C,6
629,White,29,Male,22,21,21,22,22,NA,C,16
630,White,33,Female,NA,NA,NA,NA,NA,NA,N,8
631,Hispanic,18,Male,22,21,22,22,22,NA,C,12
632,White,19,Male,23,22,23,21,25,3.39,C,15
633,White,19,Male,29,28,29,28,30,NA,M,1
634,White,35,Male,27,25,26,26,27,NA,T,13
635,Black,31,Male,20,18,19,21,20,3,C,15
636,White,34,Female,17,17,16,17,16,NA,M,15
637,White,21,Female,26,30,26,25,27,3.74,N,14
638,White,34,Male,28,31,28,27,28,NA,M,14
639,White,32,Female,NA,NA,NA,NA,NA,3.76,T,12
640,Hispanic,30,Male,NA,NA,NA,NA,NA,NA,C,12
641,White,25,Female,NA,NA,NA,NA,NA,NA,C,2
642,White,34,Male,20,18,22,17,23,3.3,C,15
643,White,22,Female,22,20,20,20,24,3.37,C,20
644,White,29,Female,28,27,26,26,29,3.43,C,14
645,White,19,Female,NA,NA,NA,NA,NA,NA,C,15
646,White,33,Female,28,28,27,29,29,NA,R,15
647,Hispanic,35,Female,NA,NA,NA,NA,NA,3.28,C,10
648,Asian,20,Male,NA,NA,NA,NA,NA,3.76,T,4
649,Hispanic,19,Male,23,22,24,22,25,3.57,N,14
650,White,34,Female,19,19,19,20,17,NA,C,15
651,White,24,Female,NA,NA,NA,NA,NA,NA,C,14
652,White,26,Female,18,16,17,18,17,NA,N,14
653,White,18,Male,17,19,17,20,18,3.17,T,15
654,White,27,Female,23,21,26,24,23,2.93,C,3
655,White,32,Male,23,20,24,20,23,NA,M,16
656,White,19,Male,NA,NA,NA,NA,NA,NA,M,16
657,Hispanic,24,Male,18,17,16,17,18,NA,C,12
658,White,20,Female,25,24,25,26,24,2.87,T,6
659,White,27,Female,NA,NA,NA,NA,NA,2.99,C,15
660,White,23,Female,NA,NA,NA,NA,NA,NA,C,15
661,White,21,Male,24,22,24,24,24,2.15,N,14
662,White,31,Female,NA,NA,NA,NA,NA,NA,C,19
663,Black,34,Female,19,18,20,20,20,NA,C,16
664,White,26,Male,30,30,29,28,30,3.96,C,14
665,White,19,Female,19,20,19,19,20,3.69,N,7
666,White,33,Male,20,19,19,22,21,NA,C,15
667,Hispanic,25,Male,NA,NA,NA,NA,NA,NA,N,5
668,White,33,Female,19,18,19,21,18,NA,C,12
669,White,35,Female,NA,NA,NA,NA,NA,3.35,T,17
670,White,32,Male,20,20,19,20,18,3.63,N,9
671,White,30,Female,NA,NA,NA,NA,NA,3.83,T,15
672,Hispanic,23,Male,18,18,17,17,17,3.59,C,13
673,White,29,Female,30,32,29,29,29,NA,C,13
674,Native,35,Male,16,16,15,19,16,3.53,N,3
675,White,27,Male,21,20,20,21,19,3.13,T,15
676,White,18,Male,NA,NA,NA,NA,NA,2.69,N,13
677,Hispanic,31,Female,18,19,18,19,21,NA,C,15
678,White,30,Male,26,25,26,26,24,NA,C,15
679,White,30,Female,22,24,21,25,22,3.1,N,12
680,White,31,Female,21,21,22,19,24,NA,C,15
681,White,35,Female,NA,NA,NA,NA,NA,NA,C,15
682,White,24,Female,22,23,20,21,23,3.08,C,6
683,White,27,Male,NA,NA,NA,NA,NA,3.03,C,12
684,White,32,Female,21,21,23,20,19,2.39,C,14
685,White,27,Female,18,19,21,20,17,3.03,T,14
686,White,19,Female,19,20,16,17,20,NA,C,15
687,Asian,24,Male,19,20,17,19,21,NA,C,3
688,White,26,Male,26,25,26,27,24,3.54,C,16
689,Black,23,Male,24,27,24,22,22,NA,N,12
690,Hispanic,32,Male,19,20,20,17,20,3.76,M,13
691,Hispanic,31,Female,NA,NA,NA,NA,NA,2.44,N,15
692,White,23,Male,NA,NA,NA,NA,NA,NA,C,2
693,White,28,Female,NA,NA,NA,NA,NA,3.76,M,6
694,White,18,Male,20,20,18,20,19,NA,C,17
695,Hispanic,28,Female,23,23,25,22,23,NA,C,6
696,White,19,Male,22,21,21,24,23,3.2,T,12
697,White,28,Male,19,19,20,19,20,2.67,T,15
698,Bi-Racial,24,Male,19,17,18,18,20,NA,N,18
699,Hispanic,20,Male,23,22,23,24,23,NA,M,6
700,White,31,Male,NA,NA,NA,NA,NA,NA,C,3
701,Black,26,Female,NA,NA,NA,NA,NA,NA,C,3
702,White,30,Male,31,30,33,32,33,3.64,C,13
703,White,23,Female,23,23,24,23,25,NA,M,14
704,White,33,Female,22,22,20,21,21,2.57,C,14
705,White,22,Female,26,27,26,27,27,3.66,C,15
706,Black,34,Female,20,19,22,22,19,NA,C,13
707,White,21,Female,NA,NA,NA,NA,NA,NA,C,9
708,White,27,Male,28,30,27,25,28,NA,C,16
709,Hispanic,20,Female,19,21,19,22,20,3.85,C,12
710,White,23,Male,NA,NA,NA,NA,NA,NA,C,3
711,Hispanic,28,Male,19,19,22,20,17,NA,N,15
712,White,30,Female,23,24,22,22,24,2.86,C,12
713,White,24,Male,NA,NA,NA,NA,NA,NA,N,15
714,White,19,Female,19,19,19,16,20,NA,C,3
715,White,31,Male,24,24,25,23,25,NA,T,13
716,White,19,Male,17,17,14,20,17,3.47,C,14
717,White,23,Female,25,23,27,26,24,NA,R,15
718,White,32,Male,NA,NA,NA,NA,NA,3.85,T,14
719,White,18,Male,NA,NA,NA,NA,NA,NA,C,15
720,White,31,Female,20,19,18,18,21,3.63,N,15
721,White,33,Male,17,19,16,18,15,2.98,C,16
722,White,22,Male,23,23,23,24,22,3.48,C,9
723,White,19,Male,19,18,17,18,21,NA,C,2
724,White,21,Male,22,23,22,19,21,NA,C,14
725,White,30,Male,NA,NA,NA,NA,NA,NA,C,16
726,White,34,Male,19,19,19,20,20,NA,T,17
727,Black,29,Male,19,17,18,18,19,3.85,C,12
728,White,19,Male,NA,NA,NA,NA,NA,NA,C,15
729,Black,28,Male,NA,NA,NA,NA,NA,NA,C,12
730,White,25,Male,31,33,34,32,32,3.05,C,20.5
731,White,29,Female,27,25,27,26,27,NA,C,14
732,White,19,Male,NA,NA,NA,NA,NA,NA,C,14
733,Hispanic,30,Female,22,22,21,23,23,NA,M,14
734,White,22,Male,NA,NA,NA,NA,NA,NA,C,2
735,White,29,Male,20,20,21,19,22,NA,C,15
736,Asian,20,Female,NA,NA,NA,NA,NA,3.26,C,15
737,Black,31,Female,19,20,17,17,17,NA,T,16
738,White,21,Male,NA,NA,NA,NA,NA,3.19,T,14
739,Black,33,Female,22,22,19,22,20,2.66,M,17
740,White,32,Male,NA,NA,NA,NA,NA,2.92,C,16
741,White,22,Male,24,20,23,23,23,NA,C,15
742,White,34,Female,NA,NA,NA,NA,NA,NA,C,3
743,Hispanic,35,Male,NA,NA,NA,NA,NA,2.71,C,21
744,White,18,Female,19,20,20,19,20,3.14,T,16
745,White,30,Male,24,25,23,26,23,2.94,N,15
746,Black,29,Male,25,24,26,25,24,NA,C,18
747,White,34,Female,20,18,21,21,22,NA,C,3
748,Hispanic,31,Female,18,17,18,20,16,3.83,M,3
749,Hispanic,22,Male,28,29,26,30,27,NA,C,10
750,Black,25,Female,17,18,13,18,18,NA,N,15
751,White,35,Male,17,17,18,17,14,NA,C,3
752,Hispanic,20,Female,21,22,21,20,20,NA,C,15
753,White,28,Female,28,28,30,32,29,NA,C,13
754,White,20,Female,NA,NA,NA,NA,NA,2.85,C,3
755,Black,26,Female,24,24,24,22,24,NA,C,12
756,White,23,Female,22,23,21,21,21,3.19,M,12
757,Black,20,Male,21,19,22,23,22,NA,C,9
758,Black,26,Male,23,22,23,21,23,NA,T,13
759,White,23,Male,25,26,24,29,23,NA,R,14
760,Black,21,Female,21,22,22,22,21,2.82,N,3
761,White,30,Male,21,21,25,20,20,3.52,T,15
762,Native,23,Male,18,18,18,15,18,3.84,C,17
763,White,34,Female,25,27,24,26,25,3.76,C,3
764,White,26,Male,23,27,21,24,20,3.18,N,15
765,Native,25,Female,26,24,26,25,25,NA,C,15
766,White,30,Male,17,15,17,19,17,NA,N,14
767,White,30,Male,NA,NA,NA,NA,NA,3.36,M,3
768,White,28,Female,23,23,23,22,22,2.13,T,6
769,White,30,Male,17,16,19,18,15,NA,C,14
770,White,24,Male,26,28,24,28,24,NA,C,4
771,Bi-Racial,25,Female,27,28,27,27,25,3.68,C,15
772,White,30,Female,26,27,29,24,27,NA,M,14
773,White,35,Female,23,23,25,22,22,3.36,T,2
774,Black,29,Male,19,18,16,19,17,NA,N,11
775,White,24,Female,NA,NA,NA,NA,NA,3.28,C,15
776,White,20,Male,22,22,20,24,20,2.51,M,15
777,White,21,Male,16,15,18,15,17,2.95,C,11
778,White,30,Male,20,22,21,18,20,NA,C,14
779,White,24,Female,NA,NA,NA,NA,NA,NA,C,12
780,Bi-Racial,30,Male,18,19,19,19,19,NA,C,9
781,White,21,Male,NA,NA,NA,NA,NA,2.87,M,3
782,White,27,Female,27,24,29,27,26,NA,N,3
783,White,21,Female,29,29,29,30,27,NA,C,14
784,White,27,Female,17,19,16,16,16,3.25,T,8
785,White,35,Male,23,24,25,25,22,NA,C,6
786,White,27,Female,23,21,21,24,22,NA,C,17
787,Hispanic,21,Female,NA,NA,NA,NA,NA,3.24,C,15
788,White,31,Female,NA,NA,NA,NA,NA,NA,M,2
789,White,34,Male,18,19,18,17,17,3.55,T,3
790,White,30,Female,20,22,19,21,20,3.73,M,2
791,White,26,Female,26,28,26,28,26,2.22,C,15
792,Native,28,Male,NA,NA,NA,NA,NA,2.57,C,15
793,White,25,Male,19,21,19,20,18,NA,C,5
794,White,29,Female,24,24,25,25,22,4,C,6
795,Bi-Racial,32,Male,NA,NA,NA,NA,NA,NA,C,12
796,White,25,Male,22,22,23,23,21,3.35,C,3
797,White,25,Female,NA,NA,NA,NA,NA,3.46,T,15
798,Hispanic,20,Male,NA,NA,NA,NA,NA,NA,C,15
799,Black,21,Male,17,16,18,16,16,NA,C,13
800,White,32,Female,26,27,26,23,24,3.23,M,12
801,Black,27,Male,23,19,27,22,22,NA,C,12
802,White,28,Male,NA,NA,NA,NA,NA,2.59,N,15
803,White,28,Female,NA,NA,NA,NA,NA,NA,N,15
804,White,23,Female,NA,NA,NA,NA,NA,3.12,C,12
805,Hispanic,34,Male,NA,NA,NA,NA,NA,3.06,C,3
806,Hispanic,28,Male,NA,NA,NA,NA,NA,3.08,N,12
807,Hispanic,24,Male,31,31,33,29,30,NA,T,12
808,Black,22,Male,19,17,18,18,18,3.13,C,16
809,White,20,Male,20,22,19,19,20,NA,T,15
810,White,24,Male,NA,NA,NA,NA,NA,NA,C,21
811,White,28,Female,22,21,25,27,21,2.48,C,15
812,Hispanic,18,Male,20,23,20,20,17,2.81,C,16
813,White,34,Female,20,20,19,17,20,NA,C,12
814,White,24,Female,23,23,23,22,23,NA,C,15
815,Black,26,Female,26,26,25,24,24,NA,T,16
816,White,34,Male,22,21,21,22,23,3.66,C,14
817,White,20,Male,26,27,25,30,25,NA,C,15
818,White,20,Male,NA,NA,NA,NA,NA,2.55,C,13
819,White,34,Female,NA,NA,NA,NA,NA,3.61,C,12
820,White,33,Female,26,26,27,26,26,NA,T,6
821,White,29,Female,30,32,30,30,29,2.8,C,15
822,White,25,Female,NA,NA,NA,NA,NA,3.5,T,12
823,White,18,Male,20,17,20,22,20,2.84,C,12
824,Black,29,Female,29,30,29,28,31,3.44,T,13
825,Asian,24,Female,31,29,31,32,32,3.47,C,13
826,White,25,Female,21,24,21,24,20,2.59,C,12
827,White,23,Male,NA,NA,NA,NA,NA,3.16,N,16
828,White,22,Male,26,31,27,24,26,2.38,N,12
829,White,29,Female,NA,NA,NA,NA,NA,2.91,C,15
830,White,25,Female,23,23,23,20,21,3.43,C,15
831,White,32,Female,NA,NA,NA,NA,NA,NA,C,12
832,White,22,Female,NA,NA,NA,NA,NA,NA,T,15
833,Hispanic,26,Male,20,21,18,20,20,2.81,C,14
834,White,35,Female,28,27,27,27,26,2.33,N,15
835,Hispanic,27,Male,22,22,22,22,21,NA,C,13
836,White,33,Male,NA,NA,NA,NA,NA,NA,T,12
837,White,18,Male,23,23,22,21,21,NA,M,3
838,Hispanic,35,Female,23,22,20,25,26,3.19,C,15
839,White,34,Female,25,28,25,27,23,2.79,C,15
840,White,31,Male,21,22,25,21,23,3.32,T,14
841,Hispanic,18,Female,31,29,32,31,33,NA,C,14
842,White,29,Male,27,28,27,28,26,2.48,C,6
843,White,30,Male,19,18,18,19,21,3.25,N,16
844,Bi-Racial,21,Female,21,20,19,22,20,3.15,C,12
845,White,31,Male,NA,NA,NA,NA,NA,2.56,C,12
846,Asian,26,Female,NA,NA,NA,NA,NA,3.79,N,18
847,White,22,Male,25,24,29,24,23,3.73,C,12
848,White,30,Female,NA,NA,NA,NA,NA,3.28,C,14
849,White,34,Female,26,28,23,26,24,NA,C,15
850,White,21,Female,NA,NA,NA,NA,NA,3.31,M,15
851,Hispanic,29,Male,29,30,28,28,29,1.97,C,18
852,Hispanic,31,Female,20,20,23,22,18,2.97,C,12
853,Hispanic,22,Female,25,26,23,25,26,NA,N,3
854,Black,31,Female,20,20,20,21,20,3.51,N,15
855,Bi-Racial,27,Male,15,15,13,17,15,3.2,C,14
856,Hispanic,21,Male,22,20,22,24,21,2.98,C,15
857,White,20,Male,19,18,18,20,19,3.63,C,16
858,White,27,Male,30,31,32,31,32,3.9,M,3
859,Other,18,Male,NA,NA,NA,NA,NA,NA,C,15
860,White,29,Male,18,18,18,19,18,3.93,T,12
861,Hispanic,25,Male,22,22,22,22,21,1.44,C,15
862,Hispanic,26,Female,23,21,22,22,23,2.87,N,3
863,Hispanic,35,Female,23,22,26,21,21,3.52,C,18
864,White,28,Male,21,20,20,22,23,3.54,C,15
865,White,28,Female,NA,NA,NA,NA,NA,3.65,C,15
866,White,20,Female,NA,NA,NA,NA,NA,3.61,T,18
867,White,20,Female,21,22,19,22,19,2.56,T,9
868,Hispanic,32,Female,NA,NA,NA,NA,NA,3.07,C,18
869,White,20,Male,20,20,23,23,21,NA,C,16.5
870,Hispanic,31,Male,25,26,28,24,28,NA,C,17
871,White,21,Male,23,23,20,22,23,NA,C,12
872,Asian,23,Male,24,23,23,23,26,NA,T,14
873,Black,29,Male,21,22,21,21,19,NA,C,15
874,White,19,Male,NA,NA,NA,NA,NA,NA,C,15
875,White,31,Male,19,20,18,22,18,NA,N,16
876,White,19,Female,NA,NA,NA,NA,NA,3.6,C,12
877,Hispanic,21,Female,19,22,18,20,18,3.18,T,15
878,Hispanic,28,Male,NA,NA,NA,NA,NA,3.1,C,12
879,White,35,Male,NA,NA,NA,NA,NA,NA,C,3
880,Black,24,Female,NA,NA,NA,NA,NA,3.01,C,6
881,Black,29,Female,NA,NA,NA,NA,NA,3.33,C,9
882,White,33,Male,NA,NA,NA,NA,NA,3.18,T,2
883,White,19,Male,20,21,19,18,20,3.57,C,14
884,White,24,Male,17,18,17,15,17,NA,N,9
885,White,34,Female,27,28,27,27,26,NA,C,13
886,White,26,Male,NA,NA,NA,NA,NA,3.67,T,15
887,White,29,Male,28,28,27,26,25,3.68,M,15
888,Black,32,Female,NA,NA,NA,NA,NA,NA,N,15
889,White,33,Female,21,21,22,22,20,2.17,N,15
890,White,28,Male,NA,NA,NA,NA,NA,NA,T,12
891,White,33,Female,19,20,20,19,18,2.96,C,14
892,White,33,Male,29,24,29,28,29,NA,M,15
893,White,28,Female,25,23,26,25,28,3.8,T,16
894,Black,23,Female,22,22,22,21,19,3.19,M,14
895,White,30,Male,17,19,19,18,19,NA,C,15
896,Asian,29,Male,23,25,22,24,23,3.87,N,15
897,White,19,Female,26,25,27,23,27,NA,C,2
898,White,32,Female,NA,NA,NA,NA,NA,3.86,C,3
899,White,23,Male,NA,NA,NA,NA,NA,3.92,T,6
900,Black,32,Female,NA,NA,NA,NA,NA,NA,C,18.5
901,White,21,Female,28,28,26,31,27,NA,C,17
902,Asian,18,Female,31,32,32,30,32,NA,N,15
903,White,24,Male,27,26,27,25,26,3.77,C,3
904,White,35,Female,NA,NA,NA,NA,NA,NA,C,14
905,White,23,Female,NA,NA,NA,NA,NA,2.38,C,15
906,Black,25,Female,16,18,17,20,18,3.71,M,12
907,White,33,Male,20,20,20,17,20,3.36,C,12
908,Black,30,Female,19,18,20,19,21,NA,T,13
909,Native,23,Female,NA,NA,NA,NA,NA,2.59,T,14
910,White,19,Female,27,27,27,28,27,NA,C,15
911,Bi-Racial,25,Male,23,21,23,24,23,2.65,M,18
912,White,19,Male,24,22,23,23,22,NA,C,12
913,Black,32,Female,20,20,20,20,21,NA,N,15
914,Hispanic,23,Male,NA,NA,NA,NA,NA,3.39,M,13
915,White,23,Female,21,19,20,21,21,1.81,C,12
916,White,27,Female,30,32,31,29,30,2.15,N,13
917,White,21,Male,NA,NA,NA,NA,NA,NA,C,13
918,White,34,Male,22,21,21,25,23,NA,T,16
919,White,24,Male,26,26,26,25,26,2.15,M,9
920,White,26,Female,NA,NA,NA,NA,NA,3.94,C,12
921,White,18,Female,24,22,22,24,21,NA,T,6
922,White,29,Male,20,22,21,21,22,3.47,C,13
923,White,21,Male,23,23,23,24,23,3.67,C,15
924,Hispanic,26,Male,NA,NA,NA,NA,NA,3.52,N,12
925,White,31,Female,24,25,25,23,26,3.2,N,15
926,White,18,Female,NA,NA,NA,NA,NA,NA,C,14
927,White,32,Male,NA,NA,NA,NA,NA,3.91,C,15
928,White,35,Female,21,20,21,20,20,NA,C,12
929,White,35,Male,18,18,16,19,22,NA,C,6
930,White,34,Male,24,22,25,24,24,3.53,C,12
931,White,23,Male,18,17,15,20,19,NA,C,9
932,White,18,Male,22,23,22,24,23,NA,C,15
933,White,25,Female,NA,NA,NA,NA,NA,3.59,M,17
934,White,25,Male,25,24,24,29,23,NA,C,15
935,Black,29,Male,NA,NA,NA,NA,NA,NA,T,6
936,White,34,Male,32,32,34,33,34,NA,N,9
937,White,29,Female,21,20,22,21,23,2.98,T,15
938,White,25,Male,NA,NA,NA,NA,NA,3.73,N,12
939,White,18,Female,NA,NA,NA,NA,NA,NA,N,14
940,Asian,19,Male,22,22,22,23,24,2.55,N,13
941,Hispanic,26,Male,24,24,26,25,23,NA,T,16
942,White,27,Female,23,25,24,24,24,NA,N,2
943,White,34,Female,15,16,17,14,15,3.63,T,15
944,White,34,Female,19,19,21,20,22,3.79,C,15
945,White,25,Female,NA,NA,NA,NA,NA,NA,N,9
946,Black,34,Female,26,25,26,27,28,3.66,C,17.5
947,Hispanic,23,Female,21,18,21,23,21,3.32,C,15
948,White,21,Male,20,19,18,22,18,3.95,C,15
949,White,22,Male,NA,NA,NA,NA,NA,3.7,T,12
950,Black,25,Male,19,21,20,18,18,3.32,C,15
951,Asian,34,Female,NA,NA,NA,NA,NA,3.22,M,16
952,Hispanic,23,Male,19,18,21,19,19,NA,M,12
953,White,31,Male,21,19,21,18,20,2.49,T,16
954,White,31,Female,NA,NA,NA,NA,NA,NA,C,14
955,Bi-Racial,24,Female,18,18,19,17,17,2.98,C,12
956,White,32,Male,20,21,22,20,20,NA,N,3
957,Hispanic,32,Female,18,19,18,20,19,3.87,T,14
958,Hispanic,26,Female,26,27,27,25,26,3.31,N,15
959,White,26,Male,NA,NA,NA,NA,NA,NA,C,13
960,Hispanic,26,Female,18,20,19,20,17,3.26,C,3
961,White,25,Female,NA,NA,NA,NA,NA,NA,C,15
962,White,22,Male,NA,NA,NA,NA,NA,3.61,C,16
963,White,32,Female,21,19,23,21,21,3.5,C,3
964,White,21,Female,NA,NA,NA,NA,NA,3.77,T,17
965,Hispanic,26,Female,23,24,24,24,24,2.93,T,13
966,White,20,Female,26,26,26,25,27,NA,C,15
967,White,31,Male,25,25,22,26,25,NA,C,15
968,Black,34,Female,NA,NA,NA,NA,NA,2.15,C,17
969,Bi-Racial,29,Female,21,22,22,22,21,3.64,T,13
970,Hispanic,30,Female,NA,NA,NA,NA,NA,NA,M,3
971,Hispanic,29,Female,NA,NA,NA,NA,NA,3.04,C,16
972,Black,34,Female,23,23,24,24,25,NA,T,3
973,Black,24,Male,NA,NA,NA,NA,NA,NA,M,10
974,White,31,Female,23,23,25,23,23,3,T,16
975,Black,18,Female,31,29,30,31,29,NA,T,13
976,White,19,Female,18,17,19,18,20,NA,M,15
977,White,24,Female,21,21,20,23,23,NA,C,3
978,Asian,19,Male,25,25,28,25,28,NA,C,15
979,Black,29,Female,27,26,26,28,27,NA,C,16
980,Asian,31,Female,23,23,20,23,27,3.35,M,6
981,White,28,Female,NA,NA,NA,NA,NA,3.87,N,4
982,Black,24,Female,NA,NA,NA,NA,NA,3.44,C,13
983,White,18,Male,NA,NA,NA,NA,NA,2.71,C,2
984,White,22,Female,NA,NA,NA,NA,NA,2.97,C,2
985,White,30,Male,24,24,22,25,25,NA,C,13
986,White,22,Female,23,23,21,21,23,3.07,C,15
987,Black,25,Male,NA,NA,NA,NA,NA,3.3,R,12
988,Hispanic,20,Female,18,21,19,20,19,3.76,C,14
989,White,25,Male,NA,NA,NA,NA,NA,NA,C,12
990,Hawaiian,23,Male,18,20,18,18,18,1.95,C,13
991,White,19,Female,22,22,21,21,22,NA,T,15
992,Black,34,Female,23,25,24,21,22,NA,T,15
993,Black,19,Female,24,23,26,21,22,NA,N,15
994,White,25,Male,31,32,31,32,32,2.96,C,13
995,White,20,Female,25,25,24,25,26,3.1,N,12
996,White,29,Male,NA,NA,NA,NA,NA,2.83,C,7
997,Black,24,Male,20,19,19,24,20,1.53,C,15
998,White,27,Male,18,17,18,16,19,3.08,N,15
999,White,24,Male,19,18,21,19,19,2.72,M,15
1000,Hispanic,24,Female,22,21,20,22,23,3.03,C,14
1001,Hispanic,28,Female,22,22,22,20,23,3.83,C,13
1002,White,29,Female,28,25,27,27,28,3.4,N,6
1003,White,18,Female,19,20,17,18,19,3.55,C,12
1004,White,33,Female,20,23,20,23,19,2.9,C,3
1005,White,30,Male,22,23,21,23,24,NA,R,15
1006,White,22,Male,26,22,23,27,26,NA,C,16
1007,White,18,Male,19,19,19,19,21,NA,M,10
1008,White,29,Female,NA,NA,NA,NA,NA,3.49,M,15
1009,White,29,Male,27,30,26,28,26,NA,N,8
1010,White,18,Male,25,24,26,25,27,3.38,T,19
1011,Asian,22,Male,NA,NA,NA,NA,NA,2.75,N,12
1012,Black,22,Male,24,22,22,23,26,NA,M,6
1013,White,35,Female,NA,NA,NA,NA,NA,NA,M,14
1014,White,21,Male,20,19,18,17,18,3.63,C,13
1015,Hispanic,27,Female,18,16,19,18,17,NA,T,15
1016,Hispanic,31,Male,NA,NA,NA,NA,NA,3.92,N,2
1017,White,34,Male,16,16,16,19,14,3.23,N,18
1018,White,22,Male,NA,NA,NA,NA,NA,2.83,N,12
1019,Bi-Racial,26,Male,NA,NA,NA,NA,NA,NA,T,14
1020,White,35,Male,NA,NA,NA,NA,NA,NA,C,16
1021,White,34,Male,16,14,14,17,17,3.56,C,3
1022,Hispanic,27,Male,19,19,20,19,17,3.34,R,15
1023,Black,23,Male,24,24,25,23,25,3.55,C,3
1024,Asian,21,Male,NA,NA,NA,NA,NA,3.47,T,4
1025,White,23,Female,21,21,24,18,19,2.65,C,12
1026,White,26,Male,19,19,19,21,18,NA,C,12
1027,White,20,Male,18,19,17,17,18,NA,N,3
1028,Bi-Racial,32,Male,18,19,17,17,18,3.64,C,15
1029,Black,26,Female,20,18,22,19,19,3.01,C,9
1030,White,26,Female,19,19,21,17,19,2.14,C,14
1031,White,33,Female,31,31,31,32,29,NA,T,12
1032,White,23,Male,30,30,31,30,30,3.38,C,9
1033,White,19,Female,23,21,23,22,22,3.17,C,12
1034,Black,30,Male,21,20,24,20,21,3.8,C,9
1035,Hispanic,20,Female,25,24,24,25,24,NA,C,14
1036,Hispanic,34,Male,18,19,16,16,19,3.63,C,15
1037,Asian,35,Female,27,25,25,28,26,NA,C,12
1038,Hispanic,22,Female,NA,NA,NA,NA,NA,2.06,T,9
1039,White,30,Female,22,21,21,20,22,2.98,N,6
1040,White,34,Male,23,20,21,23,24,3.59,N,16
1041,White,27,Female,NA,NA,NA,NA,NA,NA,T,15
1042,White,19,Male,21,21,20,21,18,3.07,C,14
1043,White,33,Male,19,21,21,20,21,3.85,C,14
1044,Black,33,Female,22,20,22,23,23,NA,T,10
1045,White,33,Female,NA,NA,NA,NA,NA,2.88,C,12
1046,White,31,Female,NA,NA,NA,NA,NA,NA,T,12
1047,White,27,Male,NA,NA,NA,NA,NA,NA,C,15
1048,Native,19,Male,23,24,25,22,22,NA,N,2
1049,White,27,Female,19,19,19,22,22,2.91,C,12
1050,White,33,Female,NA,NA,NA,NA,NA,3.84,T,15
1051,Hispanic,21,Female,NA,NA,NA,NA,NA,2.95,M,12
1052,White,28,Female,24,27,22,22,25,3.02,C,15
1053,White,32,Male,22,24,24,24,23,NA,T,12
1054,Hispanic,26,Female,19,17,19,17,16,NA,T,16
1055,Asian,28,Female,28,29,28,25,30,NA,N,12
1056,White,33,Male,28,28,27,28,28,2.46,C,10
1057,Hispanic,27,Male,NA,NA,NA,NA,NA,3.23,T,17
1058,White,26,Male,24,21,24,25,22,3.84,C,15
1059,White,35,Male,NA,NA,NA,NA,NA,3.91,C,10
1060,White,20,Male,25,26,25,25,23,3.18,C,2
1061,White,27,Male,NA,NA,NA,NA,NA,NA,N,15
1062,Hispanic,27,Female,20,19,18,20,20,3.55,C,3
1063,White,24,Male,29,27,29,28,27,3.25,N,17
1064,White,31,Female,20,22,19,22,21,3.43,C,15
1065,White,31,Male,NA,NA,NA,NA,NA,NA,C,16
1066,White,19,Male,22,23,21,23,19,NA,C,1
1067,Black,26,Female,22,23,20,22,22,3.88,C,14
1068,White,28,Female,24,25,24,25,25,NA,M,3
1069,White,25,Female,29,31,28,31,32,NA,C,14
1070,White,24,Male,27,28,26,26,28,NA,C,15
1071,Hispanic,33,Female,24,22,24,23,21,3.28,N,15
1072,White,20,Male,21,20,21,21,21,NA,C,15
1073,White,35,Female,23,25,21,23,22,2.32,T,18.5
1074,White,29,Male,19,17,20,18,20,NA,N,3
1075,Black,19,Male,NA,NA,NA,NA,NA,NA,M,12
1076,White,21,Male,29,28,26,32,30,3.02,C,17
1077,Black,33,Female,20,19,22,21,19,NA,C,14
1078,White,24,Male,NA,NA,NA,NA,NA,NA,C,4
1079,Black,33,Male,26,27,26,25,26,2.91,N,12
1080,White,28,Male,22,23,23,21,21,3.43,N,13
1081,White,27,Male,25,24,25,26,25,2.74,N,8
1082,White,20,Male,25,26,26,25,25,3.07,C,12
1083,White,20,Male,NA,NA,NA,NA,NA,NA,M,15
1084,White,27,Female,NA,NA,NA,NA,NA,NA,C,12
1085,White,19,Female,NA,NA,NA,NA,NA,2.63,C,17
1086,Black,19,Male,21,19,19,19,20,3.66,C,15
1087,Hispanic,33,Female,NA,NA,NA,NA,NA,NA,C,13
1088,White,28,Male,25,24,24,25,25,NA,C,3
1089,Hispanic,23,Female,NA,NA,NA,NA,NA,3.54,N,10
1090,Native,20,Female,23,22,23,22,21,3.97,C,14
1091,White,26,Male,23,23,24,24,24,3.68,M,16
1092,White,34,Male,18,16,19,17,16,NA,T,18
1093,Asian,20,Female,23,25,23,24,22,2.63,C,13
1094,White,27,Male,NA,NA,NA,NA,NA,3.93,C,9
1095,White,33,Female,20,21,19,21,20,3.31,C,15
1096,White,23,Male,19,20,17,18,19,3.15,C,15
1097,White,20,Female,NA,NA,NA,NA,NA,2.74,C,14
1098,White,32,Male,18,19,20,18,17,3.09,C,3
1099,Hispanic,34,Male,27,26,28,26,28,3.01,T,15
1100,White,24,Male,23,26,22,21,24,3.06,C,15
1101,Black,26,Female,26,25,28,26,28,2.13,C,12
1102,Hispanic,34,Male,21,22,22,22,22,3.34,T,15
1103,Black,32,Male,NA,NA,NA,NA,NA,3.27,C,12
1104,White,33,Female,NA,NA,NA,NA,NA,3.33,T,14
1105,Asian,24,Female,27,28,28,28,29,3.42,C,15
1106,Hispanic,28,Male,20,20,20,16,20,2.72,C,6
1107,Asian,26,Female,20,20,21,21,19,3.59,C,16
1108,White,35,Female,22,23,21,21,22,3.31,T,12
1109,White,18,Male,18,19,19,18,18,3.69,T,3
1110,Hispanic,29,Male,26,26,26,26,25,3.05,M,13
1111,White,22,Female,23,23,25,24,22,3.02,N,8
1112,White,20,Male,NA,NA,NA,NA,NA,3.01,N,15
1113,Hispanic,24,Female,NA,NA,NA,NA,NA,2.68,C,11
1114,White,24,Female,NA,NA,NA,NA,NA,3.65,C,14
1115,White,34,Male,NA,NA,NA,NA,NA,3.48,N,16
1116,White,29,Male,19,17,21,19,22,3.48,C,14
1117,White,35,Male,13,13,11,10,11,3.17,N,5
1118,White,34,Female,NA,NA,NA,NA,NA,2.31,N,15
1119,Black,33,Female,NA,NA,NA,NA,NA,2.49,T,2
1120,White,21,Male,19,20,19,21,20,3.12,C,12
1121,White,33,Female,NA,NA,NA,NA,NA,3.44,T,15
1122,Hispanic,33,Male,20,20,20,21,22,3.14,C,15
1123,White,34,Female,21,23,20,18,22,3.95,N,15
1124,White,26,Male,18,19,19,22,19,3.31,C,14
1125,White,28,Male,23,23,21,23,22,3.18,C,15
1126,White,34,Male,19,19,21,17,20,3.72,C,15.5
1127,White,31,Female,NA,NA,NA,NA,NA,3.04,C,15
1128,White,26,Male,21,21,23,20,21,3.58,T,17
1129,Bi-Racial,25,Female,17,20,15,18,19,3.34,M,6
1130,Black,25,Male,21,22,21,21,22,3.8,N,13
1131,White,32,Female,22,23,23,23,23,2.66,T,13
1132,Bi-Racial,21,Male,NA,NA,NA,NA,NA,2.97,T,16
1133,White,18,Female,NA,NA,NA,NA,NA,2.86,C,6
1134,White,21,Female,21,22,21,22,20,3.8,C,8
1135,White,35,Female,18,19,19,18,18,2.25,T,15
1136,White,25,Female,24,26,24,23,24,3.38,C,15
1137,White,34,Female,21,21,20,21,22,3.31,C,13
1138,White,26,Male,21,21,20,20,21,3.67,C,12
1139,Asian,27,Female,27,27,26,27,26,2.9,N,14
1140,White,30,Male,18,19,22,18,17,3.25,C,12
1141,White,18,Female,21,21,21,21,17,3.36,C,16
1142,Hispanic,24,Female,NA,NA,NA,NA,NA,3.02,C,12
1143,White,19,Female,25,23,27,23,25,3.77,T,12
1144,White,23,Male,30,30,29,32,31,3.24,C,13
1145,White,23,Male,21,20,19,24,18,2.77,C,2
1146,Black,22,Male,NA,NA,NA,NA,NA,3.93,T,21
1147,White,21,Female,14,13,14,15,11,3.54,C,17
1148,Black,33,Male,21,18,18,21,18,3.15,T,14
1149,Black,35,Male,27,29,29,28,28,3.66,C,16
1150,Bi-Racial,33,Female,NA,NA,NA,NA,NA,2.67,C,12
1151,Hispanic,26,Male,NA,NA,NA,NA,NA,1.96,T,12
1152,Asian,23,Male,25,25,23,25,27,3.32,C,2
1153,White,25,Female,NA,NA,NA,NA,NA,2.92,N,14
1154,White,32,Male,NA,NA,NA,NA,NA,2.61,T,6
1155,Black,22,Male,28,28,29,28,27,2.57,C,15
1156,Black,34,Male,NA,NA,NA,NA,NA,3.44,T,12
1157,Hispanic,31,Male,NA,NA,NA,NA,NA,2.76,C,15
1158,White,22,Female,22,19,22,22,23,3.55,N,15
1159,White,33,Female,NA,NA,NA,NA,NA,3.29,C,15
1160,White,26,Female,NA,NA,NA,NA,NA,3.51,T,17
1161,White,33,Male,25,27,23,23,24,3.75,C,6
1162,White,31,Female,NA,NA,NA,NA,NA,3.12,C,12
1163,Hispanic,30,Female,21,22,21,21,20,3.12,C,15
1164,Hispanic,27,Male,18,16,18,20,16,3.24,N,13
1165,Black,22,Male,27,28,27,27,26,2.2,C,18
1166,Black,19,Female,NA,NA,NA,NA,NA,3.04,C,12
1167,White,26,Female,17,18,19,20,18,3.26,C,14
1168,White,26,Male,26,27,26,24,25,3.54,T,15
1169,Hispanic,24,Male,17,17,19,17,18,3.82,T,15
1170,Black,33,Male,15,16,17,13,15,2.33,C,17
1171,Black,24,Male,17,18,18,19,18,3.06,C,6
1172,White,31,Female,20,23,19,18,20,3.01,C,16
1173,White,34,Male,22,23,21,21,22,2.75,C,13
1174,White,22,Female,22,22,23,22,24,3.89,C,15
1175,White,30,Female,17,16,17,17,17,3.34,C,13
1176,White,19,Male,NA,NA,NA,NA,NA,3.75,C,10
1177,Black,34,Female,26,27,26,23,25,3.53,C,15
1178,Hispanic,28,Female,24,24,25,22,26,3.67,N,4
1179,White,22,Female,25,27,25,27,28,3.41,M,14
1180,Black,23,Male,21,18,24,23,23,2.77,M,16
1181,White,19,Male,21,22,22,19,21,3.37,T,12
1182,White,21,Male,17,17,19,19,18,2.87,C,3
1183,Hispanic,28,Male,24,23,25,25,25,3.04,C,14
1184,White,32,Male,NA,NA,NA,NA,NA,2.87,N,15
1185,White,35,Female,24,22,24,25,24,3.07,T,13
1186,Black,31,Male,20,23,20,19,19,3.03,C,12
1187,White,20,Female,25,26,23,26,24,2.87,C,1
1188,White,21,Female,25,23,26,25,25,3.94,C,3
1189,White,18,Female,24,24,25,23,23,3.99,T,12
1190,White,30,Female,24,20,25,26,26,3.35,M,15
1191,White,33,Male,NA,NA,NA,NA,NA,2.64,C,15
1192,White,20,Male,22,23,21,22,24,3.39,M,11
1193,Bi-Racial,23,Male,18,18,18,19,19,3.64,C,10
1194,Hispanic,23,Female,NA,NA,NA,NA,NA,3.83,N,15
1195,Hispanic,25,Female,20,19,19,22,18,3.06,C,6
1196,White,33,Female,30,31,33,27,28,3.28,N,15
1197,White,35,Female,18,20,19,19,17,3.69,C,14
1198,Hispanic,35,Female,19,20,17,19,19,3.33,N,3
1199,Asian,31,Male,14,15,13,12,18,3.43,C,15
1200,White,30,Male,NA,NA,NA,NA,NA,2.73,N,16
1201,White,26,Female,NA,NA,NA,NA,NA,2.29,C,16
1202,White,26,Male,24,22,23,23,25,3.71,C,15
1203,Hispanic,19,Female,34,33,34,34,35,2.92,C,15
1204,White,35,Female,20,17,22,20,18,2.48,N,15
1205,White,30,Female,22,22,20,22,25,3.49,R,2
1206,Black,30,Female,21,22,20,20,19,2.88,C,14
1207,White,35,Female,24,26,24,27,24,2.81,C,14
1208,Other,27,Male,19,17,19,19,19,3.13,C,15
1209,White,27,Male,28,29,30,29,26,3.74,C,14
1210,White,31,Male,23,27,23,21,22,3.3,C,12
1211,White,33,Male,NA,NA,NA,NA,NA,3.03,T,5
1212,White,34,Male,NA,NA,NA,NA,NA,3.04,M,14
1213,White,19,Male,20,18,18,19,20,2.4,N,15
1214,White,34,Male,19,20,17,17,20,3.03,C,2
1215,White,27,Female,17,18,17,16,16,3.25,M,15
1216,White,19,Female,22,22,21,25,23,3.13,M,11
1217,Hispanic,18,Female,NA,NA,NA,NA,NA,2.84,N,12
1218,White,35,Male,NA,NA,NA,NA,NA,3.68,T,16
1219,Asian,29,Female,19,17,19,18,20,3.14,N,15
1220,White,29,Male,19,18,20,20,20,2.48,M,15
1221,White,22,Male,17,17,16,19,14,3.24,C,15
1222,Hispanic,33,Male,NA,NA,NA,NA,NA,3.41,C,3
1223,Native,33,Female,25,24,25,22,25,3.23,C,7
1224,Bi-Racial,18,Male,27,26,28,26,25,2.93,C,16
1225,Hispanic,21,Female,21,24,23,21,21,2.75,C,12
1226,Black,21,Female,21,21,22,22,20,2.83,C,16
1227,White,31,Male,NA,NA,NA,NA,NA,2.85,N,15
1228,Black,32,Male,18,17,17,19,18,3.92,C,14
1229,Hispanic,19,Female,32,32,32,30,31,3.34,C,12
1230,Hispanic,22,Male,20,21,19,21,19,3.99,C,13
1231,White,34,Female,27,27,25,26,26,2.46,C,13
1232,White,30,Female,19,19,21,20,19,3.5,N,15
1233,White,24,Male,NA,NA,NA,NA,NA,3.84,C,17
1234,Hispanic,24,Male,26,28,24,27,26,2.65,T,14
1235,White,32,Female,NA,NA,NA,NA,NA,3.64,C,14
1236,Black,22,Female,19,20,20,19,19,3.69,N,12
1237,Hispanic,26,Female,20,21,21,19,20,2.72,T,15
1238,White,26,Female,NA,NA,NA,NA,NA,3.91,C,3
1239,White,35,Male,25,24,29,25,25,3.33,C,14
1240,White,34,Male,24,22,23,25,24,2.78,C,13
1241,White,25,Male,NA,NA,NA,NA,NA,3.48,M,15
1242,Hispanic,30,Female,NA,NA,NA,NA,NA,3.87,R,14
1243,White,30,Female,18,14,19,20,19,3.64,M,2
1244,White,21,Female,18,18,20,17,17,3.58,C,16
1245,White,34,Female,NA,NA,NA,NA,NA,2.81,M,15
1246,Asian,28,Male,NA,NA,NA,NA,NA,3.85,C,16
1247,White,25,Female,17,17,15,18,18,2.41,T,13
1248,White,19,Male,25,24,29,23,25,3.24,C,14
1249,White,31,Male,20,19,20,17,21,3.58,C,19
1250,White,22,Male,17,16,19,18,18,3.49,T,12
1251,Hispanic,18,Male,24,23,20,24,23,3.61,N,12
1252,Black,20,Female,19,19,20,20,18,3.51,C,18
1253,Asian,26,Female,NA,NA,NA,NA,NA,3.37,C,16
1254,Hispanic,34,Male,NA,NA,NA,NA,NA,3.23,C,14
1255,White,25,Female,NA,NA,NA,NA,NA,3.24,C,4
1256,White,28,Male,NA,NA,NA,NA,NA,2.47,N,12
1257,Hispanic,29,Male,NA,NA,NA,NA,NA,3.14,C,13
1258,White,29,Female,NA,NA,NA,NA,NA,3.22,T,14
1259,Black,23,Male,22,23,23,23,23,3.81,T,15
1260,White,33,Female,19,19,20,18,19,3.43,C,18
1261,Hispanic,25,Male,NA,NA,NA,NA,NA,3.01,C,14
1262,White,31,Female,NA,NA,NA,NA,NA,3.86,C,12
1263,White,30,Female,NA,NA,NA,NA,NA,3.01,M,15
1264,White,18,Male,20,18,19,20,21,3.23,T,12
1265,Black,35,Male,NA,NA,NA,NA,NA,3.99,C,12
1266,White,24,Male,17,15,17,14,19,3.97,N,13
1267,Asian,24,Female,NA,NA,NA,NA,NA,3.27,C,15
1268,White,35,Male,27,25,27,26,28,3.86,C,13
1269,White,26,Male,NA,NA,NA,NA,NA,2.95,N,2
1270,Black,29,Female,27,25,29,25,26,3.34,C,14
1271,Hispanic,22,Female,23,23,25,23,23,3.31,T,15
1272,White,22,Male,26,23,27,25,25,3.38,C,13
1273,White,23,Male,24,24,25,25,27,2.23,N,14
1274,Black,28,Female,21,20,20,22,20,2.56,N,2
1275,White,31,Female,16,17,15,18,15,2.35,T,9
1276,Hispanic,35,Female,19,21,18,22,19,3.3,R,12
1277,White,34,Male,NA,NA,NA,NA,NA,3.09,M,12
1278,White,28,Female,NA,NA,NA,NA,NA,3.19,N,12
1279,White,28,Male,21,22,22,22,23,3.59,M,13
1280,Asian,29,Male,22,21,22,22,22,3.68,C,15
1281,White,19,Female,25,25,25,22,25,3.94,C,17
1282,White,30,Female,23,22,22,23,21,3.23,N,16
1283,White,32,Male,NA,NA,NA,NA,NA,3.34,C,6
1284,Hispanic,35,Male,NA,NA,NA,NA,NA,3.84,C,16
1285,White,33,Female,NA,NA,NA,NA,NA,3.24,C,14
1286,White,29,Male,20,20,19,21,19,2.35,C,16
1287,Black,33,Female,NA,NA,NA,NA,NA,1.62,N,18
1288,Hispanic,27,Male,26,25,26,28,25,2.9,N,13
1289,White,24,Male,NA,NA,NA,NA,NA,3.27,M,6
1290,Hispanic,32,Male,30,29,32,33,29,3.27,C,14
1291,White,18,Male,NA,NA,NA,NA,NA,2.32,C,15
1292,Asian,23,Female,17,16,18,18,18,3.68,N,14
1293,White,34,Female,NA,NA,NA,NA,NA,3.54,M,17
1294,White,29,Male,NA,NA,NA,NA,NA,3.23,C,9
1295,White,25,Female,31,31,31,31,29,3.72,C,17
1296,Hispanic,22,Female,28,30,28,29,26,2.02,T,12
1297,White,20,Male,NA,NA,NA,NA,NA,3.17,N,15
1298,White,29,Male,NA,NA,NA,NA,NA,2.89,C,9
1299,White,27,Male,26,28,27,26,27,3.45,M,12
1300,Black,25,Female,21,20,21,20,21,3.49,C,12
1301,Black,25,Female,NA,NA,NA,NA,NA,3.37,R,15
1302,Hispanic,33,Female,NA,NA,NA,NA,NA,3.83,T,13
1303,White,19,Male,NA,NA,NA,NA,NA,3.28,C,2
1304,White,20,Female,30,28,28,31,28,3.73,C,2
1305,Hispanic,25,Female,21,20,22,21,21,3.3,N,3
1306,White,25,Male,29,31,30,30,27,3.48,M,15
1307,White,19,Male,29,30,28,27,29,3.97,C,17
1308,Black,23,Female,23,22,23,23,21,3.62,T,16
1309,White,34,Male,20,20,21,19,17,3.35,C,13
1310,White,25,Male,25,27,23,27,24,3.83,R,16
1311,White,18,Female,19,16,18,18,16,3.75,C,17
1312,White,34,Female,NA,NA,NA,NA,NA,2.72,C,16
1313,Black,31,Male,NA,NA,NA,NA,NA,2.99,N,15
1314,White,20,Male,NA,NA,NA,NA,NA,3.61,N,15
1315,Asian,31,Male,21,20,21,20,20,2.36,C,15
1316,Asian,25,Female,NA,NA,NA,NA,NA,3.07,N,17
1317,Asian,22,Male,20,21,22,19,22,3.21,C,14.5
1318,Black,30,Female,28,27,29,31,28,2.94,T,12
1319,Hispanic,34,Female,20,17,20,20,19,3.28,R,12
1320,Hispanic,23,Male,22,23,23,20,20,3.64,N,12
1321,White,18,Male,17,18,17,15,18,2.96,C,18
1322,Hispanic,23,Male,26,26,25,26,26,3.5,N,12
1323,White,29,Female,NA,NA,NA,NA,NA,3,R,3
1324,White,30,Female,20,18,19,17,18,3.27,T,16
1325,Black,28,Male,22,22,22,22,24,3.06,T,7
1326,Hispanic,32,Male,21,18,21,22,22,3.21,C,3
1327,White,26,Female,NA,NA,NA,NA,NA,2.92,C,6
1328,Black,21,Male,17,18,16,15,17,3.04,C,15
1329,White,21,Male,25,23,24,26,26,3.41,T,12
1330,Hispanic,22,Female,26,26,24,24,25,3.84,C,15
1331,White,21,Female,18,18,16,17,21,2.69,C,15
1332,Hispanic,20,Male,25,26,26,26,26,3.64,N,11
1333,White,27,Female,NA,NA,NA,NA,NA,3.18,N,15
1334,White,23,Male,21,24,22,22,20,3.32,C,12
1335,Bi-Racial,24,Male,NA,NA,NA,NA,NA,2.64,N,14
1336,Black,29,Female,NA,NA,NA,NA,NA,2.42,T,12
1337,Hispanic,34,Male,NA,NA,NA,NA,NA,3.5,N,15
1338,White,35,Male,27,28,25,26,25,3.34,N,3
1339,White,31,Female,23,21,24,23,23,3.25,C,17
1340,White,26,Male,NA,NA,NA,NA,NA,3.28,C,15
1341,White,20,Female,23,22,23,25,20,2.93,C,3
1342,Black,23,Female,25,23,26,29,25,3.32,T,14
1343,Asian,21,Male,25,24,27,25,25,3.78,C,13
1344,White,27,Male,NA,NA,NA,NA,NA,2.84,R,4
1345,Hispanic,30,Male,19,19,19,19,17,2.41,C,11
1346,White,27,Female,18,18,19,17,21,2.8,C,15
1347,Hispanic,27,Male,NA,NA,NA,NA,NA,3.71,C,16
1348,Hispanic,31,Female,28,25,29,27,25,2.7,N,17
1349,White,24,Female,26,25,25,26,28,3.95,C,12
1350,White,18,Male,22,23,25,20,25,3.13,C,3
1351,White,19,Male,NA,NA,NA,NA,NA,3.79,C,16
1352,White,23,Male,NA,NA,NA,NA,NA,3.29,T,15
1353,White,25,Female,15,15,16,17,11,3.14,C,7
1354,Hispanic,18,Female,23,22,21,23,20,3.03,C,15
1355,Black,34,Male,23,23,21,25,22,3.27,C,12
1356,White,30,Male,25,24,26,25,27,3.9,T,9
1357,White,31,Male,NA,NA,NA,NA,NA,2.45,T,3
1358,White,18,Female,18,19,18,20,19,3.03,C,13
1359,White,35,Female,NA,NA,NA,NA,NA,3.98,T,15
1360,White,33,Male,NA,NA,NA,NA,NA,3.05,N,16
1361,White,32,Female,NA,NA,NA,NA,NA,2.21,T,18
1362,Bi-Racial,19,Male,NA,NA,NA,NA,NA,3.01,T,15
1363,White,30,Male,26,28,24,25,26,3.38,R,6
1364,Hispanic,35,Female,16,16,18,19,18,3.75,C,15
1365,White,31,Female,17,18,16,19,16,3.66,C,14
1366,White,31,Male,24,24,24,24,24,2.79,R,15
1367,White,20,Female,NA,NA,NA,NA,NA,3.86,M,18
1368,Hispanic,34,Female,21,20,20,21,22,2.7,C,12
1369,White,31,Male,19,18,20,21,22,3.8,T,16
1370,White,35,Female,20,21,20,20,21,3.25,C,15
1371,Black,27,Male,20,19,19,22,20,3.05,M,21
1372,White,20,Male,27,28,27,27,29,3.4,C,12
1373,White,18,Male,25,25,27,25,26,3.99,N,15
1374,White,25,Female,19,19,21,20,21,3.69,C,16
1375,White,21,Female,18,14,16,18,19,3.56,C,14
1376,Hispanic,32,Female,NA,NA,NA,NA,NA,2.99,C,15
1377,White,22,Female,25,25,27,23,26,2.96,M,16
1378,White,22,Female,20,19,21,19,23,3.02,C,15
1379,White,19,Female,21,20,19,22,20,3.48,C,13
1380,Black,31,Male,NA,NA,NA,NA,NA,2.16,C,16
1381,White,22,Female,NA,NA,NA,NA,NA,3.58,C,2
1382,White,19,Female,20,21,20,22,23,3.3,N,15
1383,White,23,Female,26,25,26,24,26,2.6,T,15
1384,White,21,Male,23,24,23,23,25,3.92,C,15
1385,Hispanic,31,Male,NA,NA,NA,NA,NA,3.65,C,13
1386,White,29,Female,17,20,18,16,17,3.03,C,13
1387,Black,29,Female,20,21,22,19,20,3.39,N,3
1388,Hispanic,28,Female,25,24,26,23,25,3.37,C,12
1389,White,18,Male,NA,NA,NA,NA,NA,3.04,C,15
1390,White,27,Male,NA,NA,NA,NA,NA,3.04,C,15
1391,White,23,Male,23,24,23,24,22,3.16,N,16
1392,Black,23,Female,23,23,24,22,23,2.9,T,14
1393,Black,24,Male,20,20,20,19,21,3.75,N,18
1394,White,29,Female,17,18,17,16,17,2.69,C,15
1395,Black,20,Female,NA,NA,NA,NA,NA,3.99,N,16
1396,Hispanic,21,Male,25,24,27,24,23,3.29,M,3
1397,White,25,Female,20,20,19,20,22,2.49,C,15
1398,White,34,Female,NA,NA,NA,NA,NA,3.54,C,12
1399,White,34,Male,19,21,20,21,19,3.47,T,14
1400,Hispanic,21,Female,NA,NA,NA,NA,NA,3.85,C,12
1401,White,23,Female,NA,NA,NA,NA,NA,3.06,C,14
1402,White,25,Female,NA,NA,NA,NA,NA,3.39,N,15
1403,White,26,Male,17,18,18,18,17,3.56,C,13
1404,White,23,Male,20,18,18,18,18,2.7,T,12
1405,White,20,Female,NA,NA,NA,NA,NA,3.27,C,9
1406,White,26,Female,32,31,34,30,33,2.61,C,13
1407,Black,18,Female,17,16,20,19,18,2.45,T,12
1408,Hispanic,21,Female,17,16,20,17,15,3.9,N,12
1409,White,27,Male,24,25,24,24,24,3.53,C,14
1410,White,23,Female,26,25,27,26,27,3.1,C,3
1411,Black,33,Female,NA,NA,NA,NA,NA,3.55,T,15
1412,White,35,Male,21,19,23,21,22,3.75,C,9
1413,White,30,Male,NA,NA,NA,NA,NA,3.78,C,10
1414,White,18,Male,29,28,30,27,30,3.85,C,15
1415,White,19,Female,NA,NA,NA,NA,NA,3.25,C,13
1416,Black,23,Male,NA,NA,NA,NA,NA,3.92,C,19
1417,White,20,Male,NA,NA,NA,NA,NA,3.44,T,6
1418,Black,24,Female,25,24,26,25,26,3.65,C,14
1419,White,25,Female,NA,NA,NA,NA,NA,2.92,C,16
1420,White,18,Male,14,15,13,16,15,3.39,C,14
1421,White,34,Female,20,19,18,19,21,3.07,T,14
1422,White,24,Male,19,18,18,20,20,3.38,C,12
1423,White,20,Female,NA,NA,NA,NA,NA,3.49,N,12
1424,Hispanic,21,Female,NA,NA,NA,NA,NA,3.34,C,12
1425,White,33,Female,NA,NA,NA,NA,NA,2.31,C,16
1426,White,29,Male,NA,NA,NA,NA,NA,3.13,N,6
1427,White,35,Female,NA,NA,NA,NA,NA,3.56,T,16
1428,White,20,Male,23,24,23,23,20,3.34,N,12
1429,White,21,Male,NA,NA,NA,NA,NA,3.21,C,15
1430,White,27,Female,28,29,27,30,27,2.85,C,15
1431,Hispanic,27,Female,22,21,21,26,20,2.68,C,12
1432,White,28,Female,18,18,19,20,18,3.61,C,3
1433,White,34,Male,26,23,26,25,26,2.16,C,12
1434,White,22,Female,23,21,25,23,24,2.58,M,14
1435,White,23,Female,33,31,34,35,31,3.37,T,2
1436,White,31,Female,NA,NA,NA,NA,NA,3.19,T,15
1437,White,27,Female,20,19,20,22,22,3.96,C,12
1438,Native,21,Male,NA,NA,NA,NA,NA,2.1,C,14
1439,White,25,Male,23,22,21,24,21,3.4,C,3
1440,Black,31,Male,25,26,23,24,23,3.57,C,17
1441,White,23,Female,23,22,21,26,24,2.13,N,15
1442,White,28,Male,24,24,23,24,26,3.37,C,14
1443,Asian,30,Male,19,20,20,16,18,2.97,C,16
1444,Hispanic,32,Female,24,25,22,22,23,3.06,C,12
1445,Hispanic,30,Male,21,22,22,22,25,3.39,C,14
1446,White,22,Male,19,16,17,17,19,2.45,C,14
1447,White,29,Female,16,15,15,16,16,3.88,N,15
1448,White,20,Female,NA,NA,NA,NA,NA,3.1,R,18.5
1449,White,29,Male,24,23,23,24,23,3.37,T,15
1450,Hispanic,30,Female,18,18,17,16,16,2.06,T,13
1451,White,35,Female,NA,NA,NA,NA,NA,3.83,C,13
1452,White,29,Female,29,30,28,30,30,3.01,N,17
1453,Hispanic,25,Female,21,20,18,20,20,3.06,M,16
1454,White,26,Female,30,30,30,27,29,3.92,R,15
1455,White,30,Female,19,19,21,20,18,3.06,C,16
1456,Black,18,Male,23,21,20,19,23,2.78,M,12
1457,White,23,Female,17,17,17,15,17,3.43,T,6
1458,White,19,Female,22,21,24,24,23,3.24,T,16
1459,White,29,Female,18,21,16,17,19,2.71,T,13
1460,Black,34,Male,NA,NA,NA,NA,NA,3.6,T,12
1461,White,32,Female,23,20,23,25,23,3.66,C,12
1462,Hispanic,31,Female,23,24,26,25,21,2.83,C,12
1463,Hispanic,34,Male,19,18,20,20,22,3.09,M,15
1464,Hispanic,26,Male,21,20,24,21,19,2.12,C,13
1465,White,35,Female,19,19,18,18,20,2.62,C,18
1466,White,20,Female,20,20,20,21,18,3.82,C,17
1467,White,23,Male,25,25,26,25,25,3.37,C,3
1468,White,31,Male,25,26,25,25,24,2.99,C,12
1469,Hispanic,22,Female,19,20,19,18,18,3.48,T,13
1470,White,26,Male,18,19,16,16,16,2.61,C,15
1471,White,31,Male,NA,NA,NA,NA,NA,3.98,M,9
1472,Black,33,Male,23,24,22,24,22,3.28,T,3
1473,White,35,Male,NA,NA,NA,NA,NA,3.38,C,12
1474,White,23,Male,NA,NA,NA,NA,NA,3.32,C,16
1475,White,32,Female,NA,NA,NA,NA,NA,4,C,14
1476,White,34,Male,26,24,26,27,30,2.72,C,15
1477,White,35,Male,24,23,27,25,23,3.49,C,16
1478,White,28,Male,17,17,19,16,16,3.42,M,16
1479,White,28,Male,22,22,19,24,23,3.63,C,15
1480,White,26,Male,18,20,18,19,14,3.12,C,14
1481,White,30,Female,NA,NA,NA,NA,NA,3.48,C,14
1482,White,32,Female,25,24,25,25,24,3.32,N,12
1483,White,33,Female,32,32,29,34,34,2.56,C,13
1484,Asian,28,Female,26,25,25,24,26,3.14,N,19
1485,Asian,35,Male,25,25,26,26,26,3.85,M,12
1486,Black,19,Male,26,30,28,25,27,1.06,N,15
1487,Black,34,Male,20,22,22,20,21,3.6,C,3
1488,White,21,Male,22,24,18,23,25,3.24,N,3
1489,White,35,Female,25,22,24,26,25,3.31,T,15
1490,White,23,Female,19,19,17,18,18,3.67,T,3
1491,White,25,Male,22,21,22,24,21,3.04,C,15
1492,White,33,Male,NA,NA,NA,NA,NA,3.49,C,12
1493,Hispanic,22,Male,24,24,25,25,25,3.34,N,16
1494,White,26,Female,25,24,30,24,23,3.24,M,15
1495,White,29,Male,19,20,19,19,19,3.94,N,15
1496,White,30,Female,14,12,13,14,13,3.32,C,15
1497,White,29,Male,18,19,18,19,17,3.98,C,15
1498,White,27,Male,19,18,23,19,19,3.91,C,13
1499,White,25,Male,NA,NA,NA,NA,NA,3.99,C,16
1500,Hispanic,22,Female,22,21,21,22,20,3.26,T,15
1501,White,23,Male,23,24,20,21,22,3.1,T,11
1502,White,26,Male,32,31,29,31,35,3.78,C,9
1503,White,19,Female,24,24,25,25,25,3.5,T,16
1504,White,25,Female,22,23,21,25,22,2.68,C,15
1505,White,35,Male,21,21,20,20,21,3.8,N,16
1506,Hispanic,29,Female,NA,NA,NA,NA,NA,2.33,C,3
1507,Hispanic,32,Male,23,24,23,25,21,2.98,C,15
1508,White,29,Female,27,26,28,28,28,2.7,C,15
1509,White,33,Male,24,23,25,23,25,3.26,C,12
1510,White,22,Female,21,20,20,21,19,3.69,T,15
1511,White,31,Female,NA,NA,NA,NA,NA,3.01,C,9
1512,Black,24,Male,18,18,20,19,17,2.92,C,16
1513,White,23,Female,NA,NA,NA,NA,NA,2.8,N,18
1514,Bi-Racial,19,Male,21,21,22,21,22,3.03,C,15
1515,White,35,Female,NA,NA,NA,NA,NA,3.39,C,13
1516,Black,20,Male,30,27,30,30,34,2.8,M,18
1517,White,28,Female,NA,NA,NA,NA,NA,3.56,C,13
1518,Hispanic,23,Male,23,22,23,22,23,2.87,C,12
1519,White,28,Female,NA,NA,NA,NA,NA,3.32,C,15
1520,White,30,Female,21,21,20,20,20,2.67,C,15
1521,White,24,Male,NA,NA,NA,NA,NA,1.85,C,12
1522,White,24,Male,25,25,26,24,26,3.03,C,15
1523,White,33,Female,NA,NA,NA,NA,NA,3.68,C,16
1524,White,22,Female,NA,NA,NA,NA,NA,2.68,M,3
1525,Black,34,Female,16,17,15,18,17,2.97,C,16
1526,White,29,Male,NA,NA,NA,NA,NA,3.31,M,3
1527,White,23,Male,22,21,24,20,24,3.13,C,10
1528,White,29,Female,NA,NA,NA,NA,NA,3.52,C,16
1529,White,29,Female,23,25,22,24,24,3.89,T,18
1530,White,23,Female,19,15,19,18,20,3.6,C,15
1531,White,33,Female,NA,NA,NA,NA,NA,3.17,C,10
1532,White,32,Female,18,18,18,19,17,2.88,N,3
1533,White,25,Female,NA,NA,NA,NA,NA,3.18,T,16
1534,Black,24,Male,17,20,19,18,18,2.89,M,16
1535,Hispanic,18,Female,20,22,20,20,18,3.17,M,2
1536,White,18,Female,NA,NA,NA,NA,NA,3.28,R,15.5
1537,White,27,Female,23,22,23,22,23,3,M,16
1538,White,35,Male,18,17,18,19,19,3.95,C,15
1539,White,28,Female,NA,NA,NA,NA,NA,3.55,N,12
1540,White,24,Male,NA,NA,NA,NA,NA,2.83,N,16.5
1541,Asian,19,Male,23,25,24,22,22,2.79,M,16
1542,White,19,Male,NA,NA,NA,NA,NA,3.69,C,15
1543,Hispanic,21,Male,NA,NA,NA,NA,NA,3.54,C,12
1544,Asian,26,Female,NA,NA,NA,NA,NA,3.61,T,15
1545,White,20,Female,NA,NA,NA,NA,NA,3.14,C,16
1546,White,32,Male,20,19,18,17,21,2.87,C,16
1547,Black,35,Female,NA,NA,NA,NA,NA,3.18,N,12
1548,Black,18,Male,22,23,22,23,21,2.66,T,16
1549,Black,22,Male,NA,NA,NA,NA,NA,3.46,C,14
1550,White,24,Female,24,29,23,24,23,2.98,C,12
1551,White,18,Male,23,24,23,22,23,3.99,C,15
1552,Hispanic,22,Female,16,15,16,15,15,3.37,T,16
1553,White,34,Female,20,19,22,18,20,3.11,C,13
1554,Hispanic,28,Female,22,22,25,22,20,3.36,C,16
